,sig,sig,sig,sig,sig,sig,sig,sig,sig,sig,sig,sig,sig,sig,sig,sig,sig,sig,sig,sig,sig,sig,sig,sig,sig,sig,sig,sig,sig,sig,sig,sig,sig,sig,sig,sig,sig,sig,sig,sig,sig,sig,sig,sig,sig,sig,sig,sig,sig,sig,sig,sig,sig,sig,sig,sig,sig,sig,sig,sig,sig,sig,sig,sig
ticker,600000,600009,600016,600028,600030,600031,600036,600048,600050,600104,600196,600276,600309,600340,600438,600519,600547,600570,600585,600588,600690,600703,600745,600809,600837,600887,600918,601012,601066,601088,601111,601138,601166,601186,601211,601236,601288,601318,601319,601328,601336,601390,601398,601601,601628,601658,601668,601688,601766,601816,601818,601857,601888,601899,601939,601988,601989,601995,603160,603259,603288,603501,603986,603993
tradeDate,,,,,,,,,,,,,,,,,,,,,,,,,,,,,,,,,,,,,,,,,,,,,,,,,,,,,,,,,,,,,,,,
2010-03-05,,,,,,,,,-1.0,,,,-1.0,,,,,,,,-1.0,-1.0,,,,,,,,,1.0,,,1.0,,,,1.0,,,,,,1.0,,,1.0,-1.0,,,,,,,,,,,,,,,,
2010-03-12,1.0,,1.0,-1.0,,,,,,,,,,,,1.0,,,-1.0,,,,,,,,,,,,1.0,,-1.0,,,,,,,,,1.0,,-1.0,,,,,,,,,,,,,-1.0,,,,,,,
2010-03-19,,,,-1.0,,1.0,,,,,-1.0,1.0,,,,1.0,,,,,,,,,1.0,-1.0,,,,,,,1.0,,,,,,,,,,,,,,-1.0,-1.0,,,,,,,,,,,,,,,,
2010-03-26,,,,,1.0,1.0,,,,,-1.0,,1.0,1.0,,,,,,,,,,,,-1.0,,,,,,,,,,,,,,-1.0,,,-1.0,,,,,,1.0,,,,,,,,-1.0,,,,,,,
2010-04-02,,,-1.0,,,,,,,,,,,,,,,,1.0,,,,,,,,,,,,,,,1.0,,,,-1.0,,,,1.0,-1.0,,-1.0,,-1.0,,,,,,,,,1.0,1.0,,,,,,,
2010-04-09,-1.0,-1.0,-1.0,,,,,,,1.0,-1.0,1.0,,,,-1.0,,,,,,,,,,1.0,,,,,,,,,,,,1.0,,,,1.0,,,,,,,,,,,,,,,,,,,,,,
2010-04-16,,,-1.0,,,-1.0,,,,,,,-1.0,1.0,,,,,,,,,,,-1.0,,,,,,,,,-1.0,,,,1.0,,,,,,1.0,,,,1.0,1.0,,,,,,,,,,,,,,,
2010-04-23,,,,1.0,,,,,,,1.0,,,,,,,,,,,,,,,,,,,,-1.0,,1.0,,,,,-1.0,,,,-1.0,,-1.0,,,,1.0,-1.0,,,,,,,,1.0,,,,,,,
2010-04-30,,-1.0,1.0,-1.0,,-1.0,,,,,,,1.0,,,,,,,,,,,,,1.0,,,,,,,,,,,,,,,,,,,,,-1.0,,1.0,,,,,,,1.0,-1.0,,,,,,,
2010-05-07,,,,1.0,,,,-1.0,,,,1.0,,,,,,,,,-1.0,-1.0,,,-1.0,,,,,,,,,1.0,,,,,,,,,,,,,1.0,,,,,,-1.0,,,1.0,,,,,,,,
2010-05-14,,,,,,-1.0,,,,,,,-1.0,1.0,,,,,-1.0,,,,,,1.0,,,,,,,,,1.0,,,,-1.0,,,,,,,,,,1.0,,,,1.0,,,,,-1.0,,,,,,,
2010-05-21,,,1.0,1.0,,,,,,-1.0,1.0,-1.0,,,,,,,-1.0,,,,,,,1.0,,,,,-1.0,,,,,,,,,,,,,,-1.0,,,,,,,,,,1.0,,,,,,,,,
2010-05-28,1.0,,,,,,,,,-1.0,-1.0,1.0,1.0,,,,,,-1.0,,,,,,,,,,,,,,,,,,,1.0,,,,,-1.0,,,,1.0,,,,,,,,,-1.0,,,,,,,,
2010-06-04,,1.0,-1.0,-1.0,,,,,,,,1.0,,,,,,,,,,,,,,,,,,,-1.0,,,-1.0,,,,1.0,,,,,,,1.0,,,,,,,,,,-1.0,1.0,,,,,,,,
2010-06-11,,,,-1.0,,1.0,,,,,-1.0,,,-1.0,,1.0,,,,,,,,,1.0,-1.0,,,,,,,,,,,,,,,,,,,,,,1.0,,,,,,,,-1.0,1.0,,,,,,,
2010-06-18,,,,,,,1.0,,,1.0,-1.0,,,,,,,,,,,,,,-1.0,,,,,,,,1.0,,,,,,,-1.0,,-1.0,,1.0,,,,,-1.0,,,,,,,1.0,,,,,,,,
2010-06-25,,,,,,,,,,-1.0,,-1.0,,,,,,,-1.0,,,,,,,,,,,1.0,,,-1.0,,,,,-1.0,,,,1.0,1.0,,,,,1.0,,,,,,,,1.0,,,,,,,,
2010-07-02,,,1.0,,-1.0,,,,,,1.0,,,,,,,,-1.0,,,,,,,,,,,1.0,,,-1.0,1.0,,,,,,,,,,-1.0,-1.0,,,,,,,,,,,1.0,,,,,,,,
2010-07-09,1.0,,1.0,,,,,,,,,,,-1.0,,,,,-1.0,,,,,,,,,,,,1.0,,1.0,,,,,,,-1.0,,,1.0,,,,,-1.0,,,,-1.0,,,,,,,,,,,,
2010-07-16,-1.0,,,,,,-1.0,,,1.0,,1.0,,,,,1.0,,,,1.0,,,,,,,,,1.0,,,,,,,,,,,,,,,-1.0,,-1.0,,,,,,,,-1.0,,,,,,,,,
2010-07-23,,,,,-1.0,,,,,,,,,1.0,,,,,1.0,,,,,,1.0,,,,,,-1.0,,-1.0,,,,1.0,,,,,,,-1.0,,,-1.0,,,,,1.0,,,,,,,,,,,,
2010-07-30,,-1.0,1.0,,,,,,,,,-1.0,,-1.0,,,,,-1.0,,,,,,,1.0,,,,,1.0,,,-1.0,,,,,,,,,,,,,,,1.0,,,,,,,1.0,,,,,,,,
2010-08-06,-1.0,,-1.0,,,,-1.0,,,,,,,1.0,,1.0,,,,,,,,,1.0,,,,,,,,1.0,,,,,,,,,,,-1.0,,,-1.0,1.0,,,,,,,,,,,,,,,,
2010-08-13,-1.0,1.0,,,1.0,,-1.0,,,-1.0,,-1.0,,,,1.0,,,,,,,,,,-1.0,,,,,,,,,,,,,,,,,,,,,1.0,,,,,,,,,1.0,,,,,,,,
2010-08-20,,,,,,-1.0,,,,,-1.0,,1.0,1.0,,1.0,,,,,,,,,,,,,,,,,-1.0,,,,,,,,,1.0,,,,,,1.0,,,-1.0,,,,,,-1.0,,,,,,,
2010-08-27,,-1.0,,,-1.0,1.0,,,,,,,,,,,,,,,,,,,,,,,,,1.0,,-1.0,,,,1.0,,,,,,1.0,1.0,-1.0,,-1.0,,,,,,,,,,,,,,,,,
2010-09-03,,,,,,1.0,,-1.0,,,,,,,,1.0,-1.0,,,,-1.0,-1.0,,,,,,,,,,,,,,,,1.0,,,,,,,1.0,,,,1.0,,,,-1.0,,,,,,,,,,,
2010-09-10,-1.0,,1.0,,,-1.0,-1.0,,,-1.0,,,,,,,,,-1.0,,,,,,,,,,,1.0,1.0,,,,,,,,,,,,,,,,1.0,,1.0,,,,,,,,,,,,,,,
2010-09-17,,-1.0,-1.0,-1.0,,,,,1.0,,,,,,,,1.0,,1.0,,1.0,,,,,,,,,,,,,,,,,,,,,,,-1.0,,,-1.0,1.0,,,,,,,,,,,,,,,,
2010-09-21,,,-1.0,,,,1.0,,,,,,-1.0,,,,,,1.0,,,,,,1.0,,,,,,,,,,,,,-1.0,,,,,,,,,,1.0,,,-1.0,-1.0,,,,,1.0,,,,,,,
2010-09-30,,1.0,,,,-1.0,,,,,,1.0,-1.0,,,-1.0,,,-1.0,,,,,,,,,,,,,,,1.0,,,1.0,,,,,,,,,,,,-1.0,,1.0,,,,,,,,,,,,,
2010-10-08,,,1.0,,,,,,,,,,,1.0,,,,,,,,,,,,1.0,,,,-1.0,1.0,,-1.0,,,,,,,-1.0,,,-1.0,,,,,1.0,,,,,,,,,-1.0,,,,,,,
2010-10-15,,,,,1.0,1.0,,,,,1.0,,,,,,,,,,,,,,,,,,,1.0,,,,,,,1.0,,,,,,,,,,-1.0,,-1.0,,-1.0,-1.0,,,,,-1.0,,,,,,,
2010-10-22,,-1.0,,,-1.0,,,,,1.0,,1.0,,,,1.0,,,1.0,,,,,,,-1.0,,,,,,,,,,,,,,,,-1.0,,-1.0,,,,1.0,,,,,,,,,,,,,,,,
2010-10-29,,,,1.0,-1.0,,,,,,,,-1.0,1.0,,,,,-1.0,,,,,,-1.0,1.0,,,,-1.0,,,,,,,1.0,,,,,,,,,,1.0,,,,,,,,,,,,,,,,,
2010-11-05,,-1.0,,,-1.0,,,,,,-1.0,,,,,,,,-1.0,,,,,,,,,,,,1.0,,,,,,,1.0,,,,,,,,,1.0,-1.0,,,1.0,1.0,,,,,,,,,,,,
2010-11-12,-1.0,,,,1.0,,,,,,1.0,,,-1.0,,,,,1.0,,,,,,,,,,,,-1.0,,,,,,,1.0,,,,,-1.0,,,,,,,,1.0,,,,,-1.0,,,,,,,,
2010-11-19,,,,-1.0,,1.0,,,,-1.0,,,,,,-1.0,,,-1.0,,,,,,,1.0,,,,,,,,,,,,,,,,,,,,,,,1.0,,1.0,1.0,,,-1.0,,,,,,,,,
2010-11-26,,-1.0,,,,,,,,1.0,,1.0,-1.0,,,,,,-1.0,,,,,,,,,,,,1.0,,-1.0,1.0,,,,,,,,,,,1.0,,,,,,,,,,,,-1.0,,,,,,,
2010-12-03,,,-1.0,,1.0,-1.0,,,,1.0,,,,,,,,,,,,,,,1.0,,,,,,,,,1.0,,,,,,,,,,,,,,1.0,,,,-1.0,,,-1.0,-1.0,,,,,,,,
2010-12-10,,,,,,,,,,,,,-1.0,,,-1.0,,,,,,,,,-1.0,1.0,,,,-1.0,1.0,,,,,,,1.0,,,,,,,,,1.0,,1.0,,,,,,,,-1.0,,,,,,,
2010-12-17,,-1.0,,,,,,,,,,,-1.0,,,,,,1.0,,,,,,,-1.0,,,,,,,,1.0,,,1.0,1.0,,,,-1.0,,,,,-1.0,,,,,,,,1.0,,,,,,,,,
2010-12-24,1.0,1.0,,,,,,,,,,,1.0,,,,,,1.0,,,,,,,,,,,,-1.0,,1.0,,,,,,,,,,,-1.0,-1.0,,,,-1.0,,,-1.0,,,,,,,,,,,,
2010-12-31,,,,-1.0,1.0,,-1.0,,,,,,-1.0,,,,,,,,,,,,1.0,,,,,,-1.0,,,,,,1.0,1.0,,,,,,,1.0,,-1.0,,,,,,,,,,,,,,,,,
2011-01-07,,,,,,,1.0,,,,,,,,,,,,,,,1.0,,,,,,,,-1.0,,,,,,,,-1.0,,,,-1.0,1.0,,,,,-1.0,,,-1.0,,,,1.0,1.0,,,,,,,,
2011-01-14,,,,,1.0,1.0,,-1.0,-1.0,,,,1.0,,,,,,1.0,,-1.0,-1.0,,,,,,,,,,,,,,,,,,,,,,,,,,,,,,,-1.0,,,,1.0,,,,,,,
2011-01-21,,,,,,,,,,,-1.0,1.0,,-1.0,,-1.0,,,1.0,,,,,,,1.0,,,,1.0,,,,,,,,,,,,-1.0,-1.0,,,,,,,,,,,,,,1.0,,,,,,,
2011-01-28,1.0,1.0,,-1.0,-1.0,,,,,-1.0,,,,,,1.0,,,,,,,,,-1.0,,,,,,-1.0,,,,,,,1.0,,,,,,,,,,,,,,,,,1.0,,,,,,,,,
2011-02-01,,1.0,-1.0,,,-1.0,,,,,,,,,,,,,-1.0,,,,,,1.0,,,,,,,,,1.0,,,,1.0,,,,,,,,,-1.0,,,,,,,,-1.0,,1.0,,,,,,,
2011-02-11,1.0,,,,,,,,,1.0,1.0,,,,,,,,,,,,,,,-1.0,,,,,1.0,,,,,,-1.0,,,,,,-1.0,,-1.0,,-1.0,,,,,,,,1.0,,,,,,,,,
2011-02-18,,,,,1.0,,,,,,,,1.0,-1.0,,,,,,,,,,,1.0,,,,,,,,,,,,,-1.0,,-1.0,,,,1.0,,,,1.0,,,-1.0,,,,,-1.0,,,,,,,,
2011-02-25,,,,,-1.0,-1.0,,,,,,,,1.0,,-1.0,,,,,,,,,,,,,,,,,1.0,,,,,,,1.0,,,,1.0,1.0,,,,-1.0,,,,,,,,-1.0,,,,,,,
2011-03-04,,,-1.0,,,-1.0,-1.0,,,,-1.0,,,,,,,,,,,,,,,1.0,,,,,1.0,,,,,,-1.0,,,,,,,1.0,,,1.0,,1.0,,,,,,,,,,,,,,,
2011-03-11,,,1.0,,-1.0,,,,,,,,,,,,-1.0,,1.0,,-1.0,-1.0,,,,,,,,,,,,,,,,1.0,,,,,-1.0,1.0,,,,,,,1.0,,,,,,,,,,,,,
2011-03-18,,,,,,,,,,-1.0,,,,,,,,,,,,,,,-1.0,,,,,-1.0,1.0,,1.0,,,,,,,-1.0,,,,,,,1.0,,,,1.0,-1.0,,,,1.0,,,,,,,,
2011-03-25,,,1.0,,,,,,,,1.0,-1.0,-1.0,,,,,,-1.0,,,,,,,,,,,,,,-1.0,1.0,,,,,,,,,,1.0,,,1.0,,,,,-1.0,,,,,,,,,,,,
2011-04-01,,-1.0,,,1.0,,-1.0,,,-1.0,,,,,,-1.0,,,1.0,,,,,,,,,,,,,,,1.0,,,-1.0,1.0,,,,,,,1.0,,,,,,,,,,,,,,,,,,,
2011-04-08,,,,1.0,-1.0,,,,-1.0,,1.0,-1.0,,,,,,,,,,,,,-1.0,1.0,,,,,,,,,,,,,,,,,,1.0,,,,,,,-1.0,,,,,1.0,,,,,,,,
2011-04-15,,,,,-1.0,,,,1.0,,,,,,,-1.0,1.0,,,,1.0,1.0,,,,-1.0,,,,,,,,,,,,,,,,,,,,,,,,,,-1.0,1.0,,,-1.0,,,,,,,,
2011-04-22,,,-1.0,-1.0,,1.0,,,,,,,,,,,,,-1.0,,,,,,,,,,,1.0,-1.0,,1.0,,,,,,,,,,,,-1.0,,,1.0,1.0,,,,,,,,,,,,,,,
2011-04-29,-1.0,,,,-1.0,1.0,,,,,,,,,,-1.0,,,,,,,,,1.0,,,,,,,,,,,,,1.0,,-1.0,,,,1.0,,,,1.0,,,-1.0,,,,,,,,,,,,,
2011-05-06,,,,,,1.0,,,,,,-1.0,,-1.0,,,,,,,-1.0,,,,,,,,,,1.0,,1.0,,,,-1.0,,,,,,,1.0,,,,,1.0,,,,,,,-1.0,,,,,,,,
2011-05-13,-1.0,,,,1.0,,,,,,1.0,-1.0,-1.0,1.0,,,,,-1.0,,,,,,1.0,,,,,,,,-1.0,,,,,,,,,1.0,,,,,,,,,,,,,,,,,,,,,,
2011-05-20,,,-1.0,,1.0,,,,,1.0,-1.0,1.0,-1.0,,,,,,1.0,,,,,,,,,,,,,,,,,,,,,,,,,1.0,,,-1.0,,,,,,,,,,-1.0,,,,,,,
2011-05-27,-1.0,1.0,-1.0,,,,1.0,,,,,1.0,-1.0,,,,,,,,,,,,,,,,,1.0,,,,-1.0,,,,1.0,,,,,,,,,,,,,,,,,,,-1.0,,,,,,,
2011-06-03,,,,,-1.0,,1.0,,,,,,,,,1.0,,,-1.0,,,,,,,,,,,,,,,1.0,,,,,,,,,,-1.0,-1.0,,,,1.0,,1.0,,,,-1.0,,,,,,,,,
2011-06-10,-1.0,,-1.0,,1.0,,-1.0,,,-1.0,,,-1.0,1.0,,,,,,,,,,,,,,,,,1.0,,,,,,,,,,,,,,,,1.0,,,,,,,,,,1.0,,,,,,,
2011-06-17,,,1.0,-1.0,,,,,,,,,,1.0,,,,,1.0,,,,,,,-1.0,,,,1.0,,,,,,,,,,,,,,,-1.0,,,,-1.0,,1.0,-1.0,,,,,,,,,,,,
2011-06-24,1.0,,,1.0,-1.0,,,,,,,,-1.0,,,1.0,1.0,,-1.0,,,,,,,,,,,,,,,,,,,1.0,,,,,,-1.0,,,,-1.0,,,,,,,,,,,,,,,,
2011-07-01,,1.0,,,-1.0,,,,,,-1.0,,,,,,,,,,,,,,,,,,,,-1.0,,1.0,,,,,,,,,,,-1.0,-1.0,,,1.0,,,1.0,1.0,,,,,,,,,,,,
2011-07-08,1.0,,,-1.0,1.0,,1.0,,,-1.0,,,,,,,,,,,,,,,,-1.0,,,,1.0,,,,,,,,,,,,,-1.0,,,,,,,,,,,,,-1.0,1.0,,,,,,,
2011-07-15,,-1.0,,1.0,1.0,,,,,,,,-1.0,-1.0,,,,,,,,,,,,,,,,,,,,,,,,-1.0,,,,,,-1.0,1.0,,,,,,,1.0,,,,1.0,,,,,,,,
2011-07-22,-1.0,,,,,,,,-1.0,-1.0,,-1.0,,,,,,,1.0,,,,,,,,,,,,,,,,,,1.0,,,,,,,-1.0,,,,,1.0,,,,,,,1.0,1.0,,,,,,,
2011-07-29,,,,,,,,,,,,,-1.0,-1.0,,-1.0,,,1.0,,,,,,,,,,,,,,,,,,,1.0,,,,,,1.0,1.0,,,,1.0,,,,,,,-1.0,-1.0,,,,,,,
2011-08-05,,,,,,,1.0,,,,,,,1.0,,,,,,,,,,,,,,,,,-1.0,,,-1.0,,,,,,1.0,,,,1.0,1.0,,,,-1.0,,-1.0,-1.0,,,,,,,,,,,,
2011-08-12,,,,,-1.0,-1.0,,,,-1.0,1.0,,,,,,,,,,,,,,1.0,,,,,,,,-1.0,1.0,,,,1.0,,,,,,,,,,,1.0,,,,,,-1.0,,,,,,,,,
2011-08-19,,,,-1.0,,,,,,,,,,,,1.0,,,1.0,,,,,,,-1.0,,,,,-1.0,,,,,,1.0,1.0,,,,,-1.0,,,,,1.0,,,,,,,,-1.0,,,,,,,,
2011-08-26,-1.0,1.0,,,-1.0,,,,,,,,,,,,,,-1.0,,,,,,1.0,,,,,,-1.0,,,1.0,,,,-1.0,,,,,,,,,,1.0,1.0,,,,,,,,,,,,,,,
2011-09-02,,-1.0,,,-1.0,1.0,,,,,,1.0,,,,-1.0,,,,,,,,,,1.0,,,,,1.0,,,,,,,,,,,,,-1.0,1.0,,,,,,,,,,,,-1.0,,,,,,,
2011-09-09,,1.0,1.0,1.0,,-1.0,,,,,,,,,,,,,,,,,,,,,,,,-1.0,,,,,,,,1.0,,-1.0,,,,,,,,-1.0,1.0,,,,,,,-1.0,,,,,,,,
2011-09-16,,,,,,,,-1.0,,,,,1.0,,,,-1.0,,1.0,,-1.0,-1.0,,,,,,,,1.0,,,,,,,,1.0,,,,,,,,,,,,,1.0,,-1.0,,,,,,,,,,,
2011-09-23,,,,,,-1.0,,,,1.0,-1.0,,,,,,,,-1.0,,,,,,,-1.0,,,,1.0,,,,,,,-1.0,1.0,,,,,,1.0,1.0,,,,,,,,,,,,,,,,,,,
2011-09-30,,,,1.0,,,,,,,,,,-1.0,,,,,,,,,,,-1.0,,,,,,1.0,,,,,,,1.0,,1.0,,,,1.0,,,,-1.0,,,-1.0,,,,,,-1.0,,,,,,,
2011-10-14,-1.0,,,,,,,,,,,1.0,,,,,,,-1.0,,,,,,,,,,,,-1.0,,-1.0,1.0,,,1.0,-1.0,,,,,,,,,,,,,,1.0,,,,,1.0,,,,,,,
2011-10-21,1.0,,,,,,,,,,-1.0,,,-1.0,,,,,1.0,,,,,,,,,,,1.0,,,,-1.0,,,1.0,1.0,,,,-1.0,,,,,-1.0,,,,,,,,,,,,,,,,,
2011-10-28,,,,,-1.0,1.0,,,1.0,,,-1.0,,,,,,,,,1.0,1.0,,,,,,,,,,,,,,,,-1.0,,,,,,,,,,,,,,-1.0,1.0,,,,-1.0,,,,,,,
2011-11-04,,,1.0,,,,,,,,-1.0,,,1.0,,-1.0,,,1.0,,,,,,1.0,,,,,,,,,,,,,,,,,1.0,,,,,,-1.0,,,,-1.0,,,,-1.0,,,,,,,,
2011-11-11,,1.0,,,,,,-1.0,,-1.0,1.0,,1.0,,,1.0,,,,,,,,,,,,,,,,,,-1.0,,,,1.0,,,,,,-1.0,,,,,,,,-1.0,,,,,,,,,,,,
2011-11-18,,1.0,,,-1.0,,,,,,,1.0,,,,,,,,,,,,,,-1.0,,,,,-1.0,,,,,,,,,1.0,,,1.0,-1.0,,,1.0,-1.0,,,,,,,,,,,,,,,,
2011-11-25,,-1.0,,-1.0,,,,,,,-1.0,,,1.0,,,,,1.0,,,,,,-1.0,,,,,,,,1.0,,,,,,,,,,,-1.0,,,,,,,,,,,1.0,1.0,,,,,,,,
2011-12-02,,1.0,,,-1.0,,,,,,,,,,,,,,,,,,,,-1.0,,,,,,-1.0,,,,,,,,,,,,,1.0,1.0,,,-1.0,1.0,,,,,,,1.0,-1.0,,,,,,,
2011-12-09,-1.0,,,,-1.0,1.0,,,,,-1.0,,,,,,,,-1.0,,,,,,,,,,,,,,,,,,,,,,,,,,,,1.0,-1.0,,,,1.0,,,1.0,1.0,,,,,,,,
2011-12-16,,-1.0,,-1.0,,,,,,,,,1.0,,,1.0,,,,,,,,,,-1.0,,,,,,,,,,,,,,,1.0,-1.0,,1.0,,,,,,,,1.0,,,-1.0,,,,,,,,,
2011-12-23,,,,1.0,,,,,,-1.0,,,,,,-1.0,,,,,,,,,,1.0,,,,1.0,,,,-1.0,,,,1.0,,,,,,,-1.0,,,-1.0,1.0,,,,,,,,,,,,,,,
2011-12-30,,,,,,,,-1.0,,,,,,,,,,,-1.0,,,,,,,1.0,,,,,1.0,,,,,,1.0,-1.0,,,-1.0,,,,,,,,,,1.0,,,,,1.0,-1.0,,,,,,,
2012-01-06,,1.0,,-1.0,,,-1.0,,,1.0,,,,,,,,,,,-1.0,,,,1.0,,,,,,,,,,,,1.0,,,,1.0,,,,,,,,,,,,-1.0,,,,-1.0,,,,,,,
2012-01-13,,,,,-1.0,,,-1.0,,1.0,,,,,,1.0,,,,,,,,,,,,,,-1.0,,,,,,,,1.0,,,,-1.0,-1.0,1.0,1.0,,,,,,,,,,,,,,,,,,,
2012-01-20,,,,-1.0,,,,,,,,1.0,,,,,,,1.0,,,,,,,,,,,,,,,,,,,1.0,,,1.0,-1.0,-1.0,1.0,,,,,-1.0,,,,,,,-1.0,,,,,,,,
2012-02-03,,,,,-1.0,,1.0,,,,,,-1.0,1.0,,,,,-1.0,,,,,,-1.0,,,,,,,,1.0,,,,,,,1.0,,-1.0,,,,,,,,,1.0,,,,,,,,,,,,,
2012-02-10,,,,,-1.0,,,,,,,,-1.0,,,,,,1.0,,,-1.0,,,,1.0,,,,,,,,1.0,,,,1.0,,,1.0,,,,,,,-1.0,-1.0,,,,,,,,,,,,,,,
2012-02-17,,,,,,,,,,,,,,,,,,,,,,,,,,1.0,,,,-1.0,,,,,,,,-1.0,,,,1.0,1.0,-1.0,-1.0,,,1.0,1.0,,,,-1.0,,,,,,,,,,,
2012-02-24,-1.0,1.0,,-1.0,,,1.0,,,,-1.0,1.0,1.0,,,,,,,,,,,,,,,,,,,,,,,,,1.0,,,,,,,,,-1.0,,,,-1.0,,,,,,,,,,,,,
2012-03-02,,,,,,,,-1.0,,,,,1.0,,,,,,1.0,,,,,,,1.0,,,,1.0,,,,,,,-1.0,,,,1.0,-1.0,,,,,-1.0,,,,,-1.0,,,,,,,,,,,,
2012-03-09,,,,,-1.0,,,-1.0,,,,,,,,,,,-1.0,,,,,,-1.0,,,,,,1.0,,,,,,1.0,,,,,,,,-1.0,,1.0,,,,,,,,1.0,1.0,,,,,,,,
2012-03-16,,,1.0,-1.0,,,,,1.0,1.0,,-1.0,,,,,1.0,,,,1.0,,,,,,,,,,-1.0,,,,,,,,,,-1.0,,,,,,,,,,,,,,,-1.0,,,,,,,,
2012-03-23,,-1.0,,,-1.0,,,,,,-1.0,,,,,,,,1.0,,,,,,-1.0,,,,,,1.0,,,,,,,,,,,,,,1.0,,,,1.0,,,1.0,,,,-1.0,,,,,,,,
2012-03-30,-1.0,,,1.0,1.0,,,1.0,,,,,,,,,,,1.0,,,,,,-1.0,,,,,,,,,,,,,,,,,,,-1.0,,,,-1.0,1.0,,,,,,,,-1.0,,,,,,,
2012-04-06,,1.0,,,,,,,,,1.0,-1.0,,,,-1.0,,,-1.0,,,,,,,,,,,,,,,,,,,,,-1.0,,,1.0,,-1.0,,,1.0,,,,,,,,1.0,,,,,,,,
2012-04-13,,-1.0,,,1.0,1.0,,,,,,,,,,1.0,,,,,,,,,1.0,,,,,,,,,,,,,,,,,,,-1.0,-1.0,,,1.0,,,-1.0,-1.0,,,,,,,,,,,,
2012-04-20,,,,,,,,,,,,1.0,,-1.0,,1.0,,,,,,,,,,,,,,1.0,,,,,,,,1.0,,-1.0,1.0,,-1.0,,,,,,,,-1.0,,,,-1.0,,,,,,,,,
2012-04-27,,,,,,,,-1.0,,,,1.0,-1.0,,,,,,,,,,,,1.0,,,,,1.0,1.0,,,-1.0,,,,,,,1.0,,,-1.0,-1.0,,,,,,,,,,,,,,,,,,,
2012-05-04,,,,,,,,1.0,,-1.0,,,,,,,,,,,,,,,,,,1.0,,,,,,,,,,-1.0,,-1.0,1.0,,,-1.0,,,,1.0,,,-1.0,1.0,,,,,,,,,,,,
2012-05-11,,,,,-1.0,-1.0,,,,,,1.0,,-1.0,,,,,-1.0,,1.0,,,,-1.0,,,,,,,,,,,,,,,,,,,1.0,,,1.0,,,,,,1.0,,,,,,,,,,,
2012-05-18,,,-1.0,-1.0,,,,,,,,,,,,,,,1.0,,,,,,,,,,,,-1.0,,,,,,,,,,1.0,,,,,,-1.0,1.0,-1.0,,,,,,1.0,,1.0,,,,,,,
2012-05-25,,,,,,,,,,,,,-1.0,,,,,,-1.0,,,,,,1.0,,,,,-1.0,,,-1.0,,,,,-1.0,,,,,1.0,,,,1.0,1.0,,,1.0,,,,,,,,,,,,,
2012-06-01,,,,,,,,,,,1.0,,-1.0,,,-1.0,,,-1.0,,,,,,,,,,,1.0,,,-1.0,1.0,,,,,,,1.0,,,,,,,1.0,,,,,,,,-1.0,,,,,,,,
2012-06-08,,-1.0,,,1.0,1.0,,-1.0,,,,,,,,,,,,,,,,,1.0,,,,,,,,,,,,,,,-1.0,,,-1.0,,,,,1.0,,,1.0,,,,,-1.0,,,,,,,,
2012-06-15,,,,,1.0,,,,,,,,,,,-1.0,,,1.0,,,,,,1.0,,,1.0,,,,,,,,,-1.0,,,-1.0,1.0,,,,,,,,,,,,,,-1.0,-1.0,,,,,,,,
2012-06-21,,,,-1.0,1.0,,,,,1.0,,-1.0,-1.0,,,,,,1.0,,,,,,,1.0,,-1.0,,,,,,,,,,,,,,-1.0,,,,,,1.0,,,,,,,,,,,,,,,,
2012-06-29,1.0,,,,,,,,,,,,,-1.0,,-1.0,,,1.0,,,,,,,,,,,,,,,,,,,-1.0,,,,,,-1.0,-1.0,,,,1.0,,,,,,1.0,1.0,,,,,,,,
2012-07-06,,,,1.0,,,,,,,,,,,,-1.0,,,,,,,,,,,,,,,,,,1.0,,,1.0,,,,-1.0,-1.0,,-1.0,-1.0,,,,1.0,,,,,,1.0,,,,,,,,,
2012-07-13,,,,-1.0,-1.0,,,,,,-1.0,1.0,1.0,1.0,,1.0,,,,,,,,,,,,,,,,,,,,,,1.0,,,,-1.0,,,,,,,,,,-1.0,,,,,,,,,,,,
2012-07-20,,,,,,,,1.0,,1.0,,1.0,-1.0,,,,,,,,,,,,,,,,,,1.0,,,,,,,-1.0,,,-1.0,,,-1.0,-1.0,,,,,,,1.0,,,,,,,,,,,,
2012-07-27,,-1.0,,,,,,,,,,,,-1.0,,-1.0,,,-1.0,,,,,,1.0,,,,,,,,,,,,1.0,,,,,1.0,,,,,,1.0,,,,,,,,-1.0,1.0,,,,,,,
2012-08-03,,-1.0,1.0,1.0,,,,,,,,,,,,,,,,,,,,,-1.0,1.0,,,,,,,,,,,,1.0,,,,,,,,,-1.0,-1.0,1.0,,,,,,,,-1.0,,,,,,,
2012-08-10,,1.0,,-1.0,,,,,,1.0,-1.0,1.0,,,,1.0,,,,,,,,,,,,,,,-1.0,,-1.0,-1.0,,,1.0,,,,,,,,,,,,,,,,,,,,,,,,,,,
2012-08-17,,,,,,1.0,,,-1.0,,1.0,,1.0,,,,-1.0,,1.0,,-1.0,-1.0,,,,,,,,,,,,-1.0,,,,,,,,,,,,,1.0,,,,,,,,,,,,,,,,,
2012-08-24,,,,-1.0,,-1.0,,,,,,,,,,,,,1.0,,,,,,,,,,,,,,,,,,-1.0,,,1.0,,,,,,,-1.0,1.0,,,,-1.0,,,,1.0,1.0,,,,,,,
2012-08-31,,,,-1.0,,,,,,1.0,,-1.0,1.0,,,1.0,,,,,,,,,,-1.0,,,,,,,1.0,1.0,,,,,,,,,,,,,-1.0,,,,,,,,,,-1.0,,,,,,,
2012-09-07,,,,,,,,,,1.0,-1.0,,-1.0,,,,,,,,,,,,,,,1.0,,,-1.0,,,,,,1.0,1.0,,,-1.0,,1.0,,,,,,,,,,,,,,-1.0,,,,,,,
2012-09-14,,,,,-1.0,-1.0,,,,,1.0,,-1.0,,,-1.0,,,,,,1.0,,,,1.0,,1.0,,,,,,,,,,,,,-1.0,,,,1.0,,,,,,,,,,,,,,,,,,,
2012-09-21,,,,,,,1.0,-1.0,,,,,1.0,,,,,,1.0,,,,,,-1.0,,,-1.0,,,,,,,,,1.0,-1.0,,,-1.0,,,,,,,,,,,1.0,,,,,,,,,,,,
2012-09-28,,,-1.0,,1.0,,,,,1.0,-1.0,1.0,,1.0,,,,,,,,,,,,,,,,,,,,,,,,,,,1.0,,-1.0,,-1.0,,,,,,,,,,,-1.0,,,,,,,,
2012-10-12,,,-1.0,,,,,-1.0,,,-1.0,,,1.0,,,,,,,,,,,-1.0,-1.0,,,,,,,,,,,,,,1.0,,,1.0,,,,,1.0,,,,,,,1.0,,,,,,,,,
2012-10-19,,,,,-1.0,,,,,-1.0,,,,,,,,,-1.0,,,,,,-1.0,1.0,,,,,,,-1.0,,,,,,,,1.0,1.0,,,,,,,1.0,,,,,,1.0,,,,,,,,,
2012-10-26,,,1.0,,,-1.0,,,,,,,,,,-1.0,,,-1.0,,,,,,,,,,,,,,-1.0,,,,,-1.0,,,,,1.0,,1.0,,,,,,,1.0,,,1.0,,,,,,,,,
2012-11-02,,1.0,,,,,,,-1.0,,,,1.0,,,,,,1.0,,-1.0,-1.0,,,,,,,,,,,,,,,,1.0,,-1.0,1.0,,,,,,,,,,,,-1.0,,,,,,,,,,,
2012-11-09,,,,,,,,1.0,,,1.0,,,-1.0,,,,,,,,,,,,,,,,,,,,-1.0,,,-1.0,,,,,,,1.0,,,,,,,1.0,,,,-1.0,-1.0,,,,,,,,1.0
2012-11-16,,,,,,,,1.0,1.0,,,,,,,,,,,,,1.0,,,-1.0,-1.0,,-1.0,,,,,,,,,,,,,,,,,-1.0,,1.0,,,,,,,,,,1.0,,,,,,,-1.0
2012-11-23,,,-1.0,-1.0,,-1.0,,,,1.0,-1.0,,,,,1.0,,,,,,,,,,,,1.0,,,,,,,,,,1.0,,,1.0,-1.0,,,,,,,,,,,,,,,,,,,,,,
2012-11-30,-1.0,,,,,,,,,,-1.0,,1.0,,,,,,,,,,,,,,,,,,,,,,,,1.0,,,,,-1.0,,1.0,1.0,,1.0,,-1.0,,,,,,,,,,,,,,,-1.0
2012-12-07,,,,,,,,,,,,,1.0,-1.0,,,,,,,1.0,,,,,,,,,,,,,,,,,-1.0,,,-1.0,,,,1.0,,-1.0,1.0,,,,,1.0,,,,,,,,,,,-1.0
2012-12-14,,,,,,,,1.0,,,,1.0,,-1.0,,,,,,,-1.0,-1.0,,,-1.0,,,1.0,,,,,,,,,,,,,,,,,,,1.0,,,,,,-1.0,,,,1.0,,,,,,,
2012-12-21,,,,,,-1.0,,,,,-1.0,,,-1.0,,,,,,,,,,,1.0,,,,,,-1.0,,,,,,1.0,,,1.0,,,,,1.0,,-1.0,,,,,1.0,,,,,,,,,,,,
2012-12-28,,,,,-1.0,,,,,-1.0,1.0,,,,,-1.0,,,,,,,,,,1.0,,,,,1.0,,,,,,,,,,,,,,,,,-1.0,1.0,,1.0,-1.0,,,,,,,,,,,,
2013-01-04,,1.0,,,1.0,-1.0,,1.0,,,-1.0,,,,,,,,1.0,,,,,,,,,1.0,,,,,-1.0,,,,,,,,-1.0,,,,,,-1.0,,,,,,,,,,,,,,,,,
2013-01-11,-1.0,1.0,-1.0,,,,-1.0,,,,,1.0,,,,,,,1.0,,,,,,,,,,,1.0,,,,,,,,,,,-1.0,,,,,,,1.0,,,-1.0,,,,,,,,,,,,,
2013-01-18,,,,,,,-1.0,,1.0,1.0,-1.0,,,,,,,,,,1.0,1.0,,,,,,,,,,,,,,,,,,,,,,,,,,,,,-1.0,-1.0,1.0,,,,,,,,,,,-1.0
2013-01-25,-1.0,-1.0,,,,-1.0,,1.0,,1.0,,,,,,,,,,,,,,,,,,,,1.0,1.0,,-1.0,,,,,,,,,,,,1.0,,,,,,-1.0,,,,,,,,,,,,,
2013-02-01,,,,,,,,,,-1.0,1.0,,,-1.0,,-1.0,,,1.0,,,,,,,,,,,,,,,-1.0,,,,1.0,,,,,,,,,,,1.0,,,,,,,-1.0,1.0,,,,,,,
2013-02-08,,,,,-1.0,-1.0,,,,1.0,-1.0,,,,,,,,,,,,,,-1.0,-1.0,,1.0,,,,,,,,,,,,,1.0,,,,,,,,,,,1.0,,,,,,,,,,,,1.0
2013-02-22,,,1.0,,1.0,-1.0,,,,-1.0,,,,,,,,,-1.0,,,,,,,,,,,,1.0,,,,,,-1.0,-1.0,,,,1.0,,,,,,,1.0,,,,,,,,,,,,,,,
2013-03-01,,,,,,,,-1.0,,,1.0,,,,,-1.0,,,,,,,,,,1.0,,,,-1.0,1.0,,,-1.0,,,,,,,,,,,,,,,-1.0,,,1.0,,,,,1.0,,,,,,,
2013-03-08,,,,-1.0,,,,,1.0,,,,,,,,,,,,1.0,,,,,,,,,,,,,,,,-1.0,,,,1.0,,,,-1.0,,-1.0,,,,,-1.0,1.0,,,,,,,,,,,1.0
2013-03-15,,,,,,,,1.0,,,,-1.0,,,,,,,,,,,,,1.0,,,,,,,,,,,,-1.0,1.0,,,,,-1.0,1.0,,,-1.0,,,,1.0,,,,,-1.0,,,,,,,,
2013-03-22,,1.0,,,,,,,,,,,1.0,,,,1.0,,,,,,,,,1.0,,,,,,,-1.0,,,,,,,,,,,,-1.0,,,,-1.0,,,1.0,,,,,-1.0,,,,,,,-1.0
2013-03-29,,-1.0,-1.0,,1.0,,,,,1.0,,,,1.0,,,,,1.0,,,,,,,,,,,,,,-1.0,,,,,,,,1.0,,,,,,-1.0,,,,,-1.0,,,,,,,,,,,,
2013-04-03,,,,,-1.0,,,-1.0,,-1.0,,,,,,,,,,,,,,,,,,-1.0,,,1.0,,,,,,,,,,,1.0,,,,,,,,,-1.0,1.0,,,,1.0,1.0,,,,,,,
2013-04-12,,1.0,,1.0,,1.0,,,,,,,,,,,-1.0,,,,,,,,,,,,,-1.0,,,,,,,,,,,,-1.0,,1.0,1.0,,,-1.0,,,,,,,,-1.0,,,,,,,,
2013-04-19,,,-1.0,,,,,,,-1.0,,,,1.0,,-1.0,,,-1.0,,,,,,,,,,,,1.0,,,,,,,,,,,1.0,,,,,-1.0,1.0,,,,1.0,,,,,,,,,,,,
2013-04-26,-1.0,,-1.0,,,,-1.0,,,-1.0,,,1.0,,,1.0,,,,,,,,,1.0,,,,,,,,-1.0,1.0,,,,1.0,,,,,,,,,,,,,,,,,,,,,,,,,,
2013-05-03,,,,,,1.0,,1.0,,,,,-1.0,,,,,,,,,,,,-1.0,1.0,,-1.0,,,1.0,,,,,,,,,,-1.0,,,,,,,-1.0,,,,1.0,,,,,,,,,,,,
2013-05-10,,1.0,-1.0,-1.0,,,,,,,-1.0,1.0,,,,1.0,,,,,,,,,,,,,,1.0,,,,,,,-1.0,,,,,,,,,,1.0,,,,,,,,,-1.0,,,,,,,,
2013-05-17,,-1.0,,,,,1.0,,,,,-1.0,,-1.0,,,,,,,,,,,,,,,,,1.0,,,,,,1.0,,,,,,,,-1.0,,1.0,,,,1.0,,,,,,-1.0,,,,,,,
2013-05-24,,,,,,1.0,-1.0,,,1.0,-1.0,1.0,,,,,,,,,,,,,,,,,,,-1.0,,,,,,,1.0,,,,-1.0,,,,,,,-1.0,,,,,,,,1.0,,,,,,,
2013-05-31,-1.0,,,,,,,-1.0,,,,1.0,,1.0,,,,,-1.0,,,,,,,1.0,,,,,,,-1.0,1.0,,,,,,,,,,,1.0,,,,,,,,,,,,-1.0,,,,,,,
2013-06-07,,,,,,,,,,-1.0,,,,,,-1.0,,,,,,,,,-1.0,1.0,,,,-1.0,1.0,,-1.0,,,,1.0,,,,,1.0,,,,,,,,,,1.0,,,,,,,,,,,,
2013-06-14,,,,,,,,,,,,,1.0,,,,,,1.0,,,,,,-1.0,-1.0,,,,,-1.0,,1.0,1.0,,,,,,,-1.0,,,,,,,1.0,,,,-1.0,,,,,,,,,,,,
2013-06-21,-1.0,1.0,,,,-1.0,,-1.0,,1.0,,-1.0,,1.0,,,,,,,,,,,,,,,,,,,,,,,,,,,1.0,-1.0,,1.0,,,,,,,,,,,,,,,,,,,,
2013-06-28,,,,,,,,,1.0,-1.0,,,,-1.0,,,,,,,,1.0,,,1.0,,,,,,,,,,,,,,,,-1.0,-1.0,-1.0,,1.0,,,,,,,,1.0,,,,,,,,,,,
2013-07-05,,,,,,,,,-1.0,,,,1.0,,,,,,1.0,,,,,,,,,,,,,,,,,,,1.0,,-1.0,1.0,-1.0,,,,,,1.0,,,,,-1.0,,,-1.0,,,,,,,,
2013-07-12,,,,,,,,,-1.0,1.0,-1.0,,,-1.0,,1.0,,,,,,,,,,,,,,,,,,,,,,,,,1.0,-1.0,1.0,,,,,,1.0,,,,,,,,,,,,,,,-1.0
2013-07-19,,-1.0,,,,,,,1.0,,,-1.0,,,,,,,-1.0,,,1.0,,,,,,,,,,,,-1.0,,,,,,1.0,,,1.0,,,,,-1.0,,,,,1.0,,,,,,,,,,,
2013-07-26,,-1.0,,-1.0,,,,,,1.0,,-1.0,,,,,1.0,,-1.0,,,,,,1.0,,,,,,,,,,,,,1.0,,,1.0,,,,,,,,,,,,,,-1.0,,,,,,,,,
2013-08-02,,,,,,,,,,,,,,,,1.0,,,,,,,,,-1.0,,,-1.0,,,1.0,,,,,,,,,,-1.0,,1.0,-1.0,-1.0,,,,,,,,,,1.0,1.0,,,,,,,,
2013-08-09,,-1.0,,,,,,1.0,,-1.0,,-1.0,,,,,,,,,,,,,-1.0,1.0,,,,,,,,1.0,,,1.0,-1.0,,,,,,,,,,,1.0,,,,,,,,,,,,,,,
2013-08-16,,,,,,,-1.0,,,,,,,-1.0,,1.0,,,,,,,,,1.0,-1.0,,,,,,,,,,,,,,,1.0,,-1.0,1.0,1.0,,,,,,,,,,,-1.0,,,,,,,,
2013-08-23,,1.0,1.0,,,,,,,,,,,,,,-1.0,,1.0,,,,,,,,,1.0,,-1.0,,,,,,,-1.0,,,,-1.0,,,,,,,,,,,,,,-1.0,,,,,,,,,1.0
2013-08-30,,,,,,,,1.0,1.0,-1.0,,,,,,,,,-1.0,,1.0,1.0,,,,,,,,,,,,,,,-1.0,,,,,,,,,,,,-1.0,,,,1.0,,,,,,,,,,,-1.0
2013-09-06,-1.0,,,,,,1.0,,,,,,,,,1.0,,,1.0,,,,,,,-1.0,,1.0,,-1.0,,,,,,,,,,,,-1.0,,,,,,,-1.0,,,,,,,,,,,,,,,1.0
2013-09-13,,,,,,,,1.0,,-1.0,,,,,,,,,,,,,,,,,,,,,,,,,,,1.0,,,-1.0,,-1.0,,1.0,1.0,,1.0,,,,,,,,,-1.0,,,,,,,,-1.0
2013-09-18,-1.0,,,-1.0,,,,,,,,,,,,,,,,,,,,,,-1.0,,,,,,,1.0,-1.0,,,1.0,,,,1.0,,,,,,,,1.0,,,,,,1.0,,-1.0,,,,,,,
2013-09-27,1.0,,,,,,,,,-1.0,1.0,-1.0,1.0,,,,,,1.0,,,,,,,-1.0,,,,1.0,,,,-1.0,,,,-1.0,,,,,,,,,,,,,,,,,,,,,,,,,,
2013-09-30,-1.0,,,,,-1.0,,,1.0,,-1.0,,-1.0,,,,,,,,,1.0,,,,,,,,,,,,,,,,,,,1.0,,,,1.0,,,,,,,-1.0,1.0,,,,,,,,,,,
2013-10-11,,,,,1.0,,-1.0,,,,,1.0,,,,-1.0,,,,,,,,,1.0,,,,,,,,,,,,,,,-1.0,1.0,,,,,,,1.0,,,,,,,,-1.0,-1.0,,,,,,,
2013-10-18,,,,1.0,,,,1.0,,,,,-1.0,-1.0,,,,,,,,,,,,,,-1.0,,,1.0,,,-1.0,,,1.0,,,,,,1.0,,,,,,,,-1.0,,,,,,,,,,,,,
2013-10-25,,,,,,,,,,-1.0,,,,-1.0,,,,,-1.0,,,,,,,,,,,,,,,1.0,,,,-1.0,,,1.0,,,1.0,,,,-1.0,1.0,,,,,,,,1.0,,,,,,,
2013-11-01,1.0,,,,,,,,1.0,,1.0,-1.0,,,,,-1.0,,-1.0,,,,,,,,,,,,,,,,,,,,,,-1.0,,-1.0,,1.0,,,,1.0,,,,,,,,,,,,,,,
2013-11-08,,,,,,,,,,,,1.0,,,,1.0,-1.0,,1.0,,,,,,,,,-1.0,,,,,,,,,,-1.0,,,-1.0,,,,-1.0,,,,,,,1.0,,,,,,,,,,,,1.0
2013-11-15,1.0,-1.0,,,,-1.0,,-1.0,,-1.0,,,,,,,1.0,,,,,,,,,1.0,,,,-1.0,,,,,,,,,,,,,,,1.0,,,,,,,1.0,,,,,,,,,,,,
2013-11-22,,,,,1.0,,,,,,,,,,,,-1.0,,1.0,,,,,,,,,,,,-1.0,,-1.0,-1.0,,,,,,,1.0,,,1.0,1.0,,,,,,-1.0,,,,,,,,,,,,,
2013-11-29,,,,,,,,,,,,1.0,,-1.0,,,,,,,-1.0,,,,,,,,,,,,,-1.0,,,,1.0,,,,,,1.0,1.0,,,,-1.0,,,,-1.0,,,,1.0,,,,,,,
2013-12-06,,,,,,,,,,,,1.0,,,,-1.0,-1.0,,1.0,,,,,,-1.0,1.0,,,,,,,,1.0,,,,-1.0,,,,,,-1.0,,,,,,,,1.0,,,,,,,,,,,,
2013-12-13,,,,,,,,,,,-1.0,,,,,-1.0,,,1.0,,,,,,,1.0,,-1.0,,,1.0,,,,,,-1.0,,,,1.0,,,,1.0,,,,,,,,,,-1.0,,,,,,,,,
2013-12-20,,,,,1.0,,,,,-1.0,,1.0,,,,,,,,,,,,,,,,,,,-1.0,,,,,,,,,,,,,-1.0,,,-1.0,1.0,,,-1.0,1.0,,,1.0,,,,,,,,,
2013-12-27,,1.0,,-1.0,,,,-1.0,,,,1.0,,1.0,,,-1.0,,,,,,,,,,,,,,-1.0,,,,,,,1.0,,,,-1.0,,,1.0,,,,,,,,,,,,,,,,,,,
2014-01-03,,,,,1.0,,,,,,-1.0,,-1.0,,,,,,,,,,,,,,,,,1.0,,,1.0,,,,,-1.0,,,,,,,-1.0,,,,,,1.0,,,,,1.0,,,,,,,,-1.0
2014-01-10,,,1.0,,1.0,,,,,,,-1.0,-1.0,,,-1.0,,,,,,,,,,,,,,-1.0,1.0,,,-1.0,,,,,,,,,,,,,1.0,,1.0,,,,,,,,,,,,,,,
2014-01-17,-1.0,,,1.0,-1.0,,-1.0,,,,,,,,,1.0,-1.0,,,,,,,,,,,,,,,,,1.0,,,-1.0,,,,,,,1.0,,,,,,,,,,,,,,,,,,,,1.0
2014-01-24,,,-1.0,-1.0,-1.0,,,,,,1.0,-1.0,,,,,1.0,,,,,,,,,,,,,-1.0,,,,1.0,,,,1.0,,,,,,,,,,,,,,1.0,,,,,,,,,,,,
2014-01-30,,,1.0,,,,,,,,,,,-1.0,,,1.0,,,,,,,,,1.0,,,,,,,,,,,-1.0,,,,-1.0,,,,,,1.0,-1.0,,,1.0,-1.0,,,,,,,,,,,,
2014-02-07,,,,,,,1.0,,,,,-1.0,1.0,-1.0,,,,,,,,,,,1.0,,,,,,,,,,,,,,,,-1.0,1.0,1.0,,-1.0,,-1.0,,,,,,,,,,,,,,,,,
2014-02-14,,,-1.0,1.0,,,,,,,-1.0,,-1.0,,,,,,,,,,,,1.0,,,,,,,,-1.0,,,,,1.0,,,-1.0,,,,,,,,,,1.0,,,,1.0,,,,,,,,,
2014-02-21,,,,-1.0,,,1.0,1.0,,,,1.0,,,,,,,,,,,,,,,,,,,,,1.0,,,,,,,,,,,1.0,,,,-1.0,-1.0,,-1.0,-1.0,,,,,,,,,,,,
2014-02-28,1.0,,,,,,1.0,,-1.0,,1.0,,,,,,,,,,,,,,,,,-1.0,,,,,,-1.0,,,,1.0,,,,,1.0,,,,,-1.0,,,-1.0,,,,,,,,,,,,,
2014-03-07,,,-1.0,,,,,,,,,1.0,1.0,,,-1.0,-1.0,,,,,,,,,,,,,,,,1.0,1.0,,,,,,,1.0,,,,-1.0,,,,,,,,,,,-1.0,,,,,,,,
2014-03-14,1.0,1.0,,,,,1.0,-1.0,,,,,,1.0,,,,,,,,,,,-1.0,,,,,,-1.0,,,1.0,,,,,,,,,,,,,,,,,,,,,,-1.0,,,,,,,,-1.0
2014-03-21,,,,,-1.0,,,,,,1.0,,,,,,,,,,,,,,,,,,,1.0,,,,,,,,1.0,,,1.0,,-1.0,,,,1.0,,-1.0,,-1.0,,,,,,,,,,,,,-1.0
2014-03-28,,-1.0,,,,-1.0,,1.0,,,,1.0,,,,,1.0,,,,,,,,,,,,,-1.0,-1.0,,,-1.0,,,,,,,,,,,,,,,,,,1.0,,,,1.0,,,,,,,,
2014-04-04,,1.0,,,,,,1.0,-1.0,,,,,,,1.0,,,-1.0,,,-1.0,,,,,,-1.0,,,,,,,,,1.0,,,,,,,,,,,,1.0,,,,,,,,-1.0,,,,,,,
2014-04-11,1.0,,,,1.0,,,,,,,,-1.0,1.0,,,,,,,,,,,-1.0,,,,,,,,1.0,,,,,,,,,,,-1.0,,,-1.0,,1.0,,-1.0,,,,,,,,,,,,,
2014-04-18,-1.0,,,,,,,,,,,,,,,,1.0,,,,,-1.0,,,,1.0,,-1.0,,-1.0,1.0,,-1.0,,,,,,,,,1.0,,,,,,,,,,1.0,,,,,,,,,,,,
2014-04-25,,,-1.0,1.0,1.0,,,,,,,,-1.0,,,,,,,,,,,,,,,,,-1.0,,,1.0,,,,,-1.0,,,-1.0,,,,,,,,1.0,,,,,,,,,,,,,,,1.0
2014-04-30,,,,1.0,1.0,,,,,,,,,,,,,,,,,,,,1.0,,,,,,,,,,,,,-1.0,,,,,,,,,-1.0,1.0,1.0,,,,,,-1.0,-1.0,,,,,,,,-1.0
2014-05-09,,,,,,,,,,,,1.0,,,,,-1.0,,,,-1.0,,,,,,,-1.0,,,,,,1.0,,,,,,1.0,-1.0,,,,,,,,,,,1.0,-1.0,,,,,,,,,,,1.0
2014-05-16,-1.0,,-1.0,1.0,,,,,,,,,,,,,,,,,,,,,,,,,,-1.0,,,-1.0,-1.0,,,1.0,,,,,,,,1.0,,,,,,,,,,,1.0,,,,,,,,1.0
2014-05-23,-1.0,,,-1.0,-1.0,1.0,,,,,,1.0,,,,1.0,,,,,,,,,,-1.0,,,,,,,,,,,,-1.0,,,,,,,,,1.0,,,,,,,,1.0,,,,,,,,,
2014-05-30,,,,,-1.0,,-1.0,,,,1.0,-1.0,,,,-1.0,1.0,,,,,,,,,,,,,,1.0,,,,,,,,,,,,,,,,,1.0,-1.0,,,,,,,1.0,,,,,,,,
2014-06-06,,,,,,,,,,,1.0,,-1.0,,,,-1.0,,,,,,,,-1.0,1.0,,,,,,,,,,,,1.0,,,,1.0,,,,,,-1.0,,,,,,,,1.0,,,,,,,,-1.0
2014-06-13,,,-1.0,1.0,,,,,,,,1.0,,1.0,,-1.0,,,,,,,,,,,,,,,-1.0,,-1.0,,,,1.0,,,,-1.0,,1.0,,,,,,,,,,,,,,,,,,,,,
2014-06-20,,,1.0,,,,,,,,1.0,,-1.0,,,,,,,,,,,,,,,,,,,,-1.0,1.0,,,1.0,,,,-1.0,-1.0,,,-1.0,,,,,,,,,,1.0,,,,,,,,,
2014-06-27,,,-1.0,,1.0,,,,,,,1.0,,,,,,,,,,,,,1.0,,,,,1.0,,,-1.0,,,,-1.0,,,1.0,,-1.0,-1.0,,,,,,,,,,,,,,,,,,,,,
2014-07-04,,,,,,1.0,,,,,1.0,-1.0,,,,-1.0,,,,,,,,,,,,,,,,,-1.0,,,,,-1.0,,,,1.0,1.0,,,,,1.0,,,,,,,-1.0,,,,,,,,,
2014-07-11,,,,,,-1.0,,,,,,1.0,,,,,,,,,,,,,,,,,,,,,-1.0,,,,-1.0,-1.0,,1.0,,,,,,,,1.0,,,1.0,,,,1.0,-1.0,,,,,,,,
2014-07-18,-1.0,,,,,1.0,-1.0,,,,,1.0,,-1.0,,,,,,,,,,,,,,,,,,,-1.0,-1.0,,,,,,1.0,,,,,,,1.0,,,,,1.0,,,,,,,,,,,,
2014-07-25,-1.0,,,,,,1.0,,,,,,,,,,1.0,,,,,,,,,-1.0,,,,1.0,,,,,,,-1.0,1.0,,,,,,,-1.0,,1.0,,,,,-1.0,,,,,,,,,,,,
2014-08-01,,,1.0,,1.0,,,-1.0,,,1.0,,,-1.0,,,,,,,,,,,1.0,-1.0,,,,,,,,,,,,,,,,-1.0,1.0,,-1.0,,,,,,,,,,,,,,,,,,,
2014-08-08,,,,,,,,,,-1.0,1.0,,-1.0,,,1.0,,,,,,,,,,,,,,-1.0,1.0,,-1.0,,,,,,,,,1.0,,,,,,,,,-1.0,1.0,,,,,,,,,,,,
2014-08-15,,1.0,,,-1.0,,,,,,-1.0,1.0,,,,,-1.0,,,,,,,,1.0,,,,,,-1.0,,,,,,,,,,,,,,1.0,,-1.0,,,,1.0,,,,,,,,,,,,,
2014-08-22,,,-1.0,,,,,-1.0,,,-1.0,,,,,,,,,,,,,,,,,,,,,,,,,,,,,-1.0,,1.0,1.0,1.0,1.0,,,-1.0,,,,,,,,1.0,,,,,,,,
2014-08-29,,1.0,,,,,,1.0,-1.0,,,1.0,,,,1.0,,,,,-1.0,-1.0,,,,,,-1.0,,,,,,,,,,,,1.0,,,,,,,,,,,,,,,,,-1.0,,,,,,,
2014-09-05,,,,,,,,,,,-1.0,,1.0,,,,,,,,,,,,-1.0,-1.0,,1.0,,,,,,,,,1.0,1.0,,1.0,,,-1.0,,,,-1.0,,,,,,,,,,,,,,,,,
2014-09-12,1.0,,-1.0,1.0,,,,,-1.0,,,1.0,1.0,,,,,,-1.0,,,-1.0,,,,,,,,,,,1.0,,,,,,,,,,,,,,,,,,,,-1.0,,,,,,,,,,,
2014-09-19,-1.0,,-1.0,1.0,,,,,,,-1.0,,,,,1.0,-1.0,,,,,,,,,,,,,,,,,,,,,,,,,,1.0,-1.0,,,,1.0,,,1.0,,,,,,,,,,,,,
2014-09-26,,-1.0,,1.0,,,1.0,1.0,,,,,,,,-1.0,,,,,,,,,,,,,,-1.0,,,,,,,,,,-1.0,,1.0,,,,,,,,,-1.0,1.0,,,,,,,,,,,,
2014-09-30,,,-1.0,,,1.0,,1.0,,,-1.0,1.0,,,,1.0,,,,,,,,,-1.0,-1.0,,,,,-1.0,,,,,,,,,,,1.0,,,,,,,,,,,,,,,,,,,,,,
2014-10-10,-1.0,,-1.0,,-1.0,,,,,,,1.0,,,,,,,,,,,,,,-1.0,,,,,,,,,,,,,,,,1.0,1.0,,,,-1.0,1.0,,,,,,,1.0,,,,,,,,,
2014-10-17,-1.0,,,-1.0,,1.0,,,,,,,1.0,1.0,,,,,,,,,,,1.0,,,,,,,,,,,,1.0,-1.0,,-1.0,,,,,,,,,-1.0,,,,,,,,,,,,,,,
2014-10-24,1.0,,,1.0,1.0,-1.0,,,,,1.0,,,,,-1.0,-1.0,,,,,,,,,1.0,,,,,,,-1.0,,,,,,,,,,,,,,,,-1.0,,,,,,,,,,,,,,,
2014-10-31,,-1.0,,,1.0,,,,,,,-1.0,,1.0,,,,,,,,,,,,-1.0,,,,,,,,,,,,,,1.0,,-1.0,1.0,,,,1.0,,,,,,,,,,,,,,,,,-1.0
2014-11-07,,,,,-1.0,,,,-1.0,,,,,,,,,,,,,-1.0,,,,,,-1.0,,,,,,,,,,-1.0,,1.0,1.0,,,,,,1.0,1.0,,,1.0,,,,,,,,,,,,,
2014-11-14,,,1.0,,1.0,,-1.0,,,,,,,,,,,,,,,,,,,,,,,,,,,-1.0,,,,-1.0,,,,1.0,-1.0,,,,1.0,1.0,,,,,,,,-1.0,,,,,,,,
2014-11-21,-1.0,-1.0,,1.0,,,,,,,,,,1.0,,,1.0,,,,,,,,,,,,,,,,-1.0,1.0,,,,,,,,,1.0,,,,-1.0,,,,,,,,,-1.0,,,,,,,,
2014-11-28,,,,,,1.0,-1.0,,,,1.0,,,-1.0,,,-1.0,,,,,,,,,,,,,,,,-1.0,,,,,,,,-1.0,1.0,,1.0,,,,,,,,,,,1.0,,,,,,,,,
2014-12-05,,-1.0,1.0,,1.0,-1.0,-1.0,1.0,,,,,,,,,,,,,,,,,,,,,,,,,1.0,,,,,,,,,,-1.0,,,,,1.0,,,-1.0,,,,,,,,,,,,,
2014-12-12,1.0,,,1.0,,-1.0,,,,-1.0,,,,,,,1.0,,,,-1.0,,,,,,,-1.0,,,,,,,,,,,,,1.0,1.0,,,,,,,,,,,-1.0,,,,,,,,,,,
2014-12-19,-1.0,,-1.0,,,,,,,,,1.0,,,,1.0,1.0,,,,,,,,,,,,,,,,-1.0,,,,-1.0,,,,,,,,,,,1.0,1.0,,,,,,,,,,,,,,,-1.0
2014-12-26,,-1.0,1.0,,,,,-1.0,,,,1.0,,,,,-1.0,,,,,,,,-1.0,,,,,,1.0,,,1.0,,,,,,,,,,1.0,,,,-1.0,,,,,,,,,,,,,,,,
2014-12-31,,,,,,,,-1.0,,,,,,1.0,,1.0,-1.0,,,,,,,,,-1.0,,,,,,,,,,,,1.0,,1.0,1.0,,,,,,,,,,,-1.0,,,-1.0,,,,,,,,,
2015-01-09,,,,,,,,1.0,,,,,-1.0,,,,-1.0,,,,,,,,1.0,,,,,,-1.0,,,,,,,,,,,1.0,,,-1.0,,1.0,,,,1.0,,,,,-1.0,,,,,,,,
2015-01-16,,,,,,,1.0,,,,,1.0,1.0,-1.0,,,,,,,,,,,,,,,,1.0,-1.0,,1.0,,,,,,,,,,,,,,,,,,-1.0,-1.0,,,,-1.0,,,,,,,,
2015-01-23,,1.0,,,1.0,,,,,,,,,,,1.0,,,,,,,,,,,,,,1.0,,,,1.0,,,-1.0,,,,,,,-1.0,,,-1.0,,,,,-1.0,,,,-1.0,,,,,,,,
2015-01-30,,,,1.0,,1.0,,,,,,,,,,,-1.0,,,,,,,,,,,,,,,,,-1.0,,,,-1.0,,,,,,,,,,1.0,-1.0,,1.0,,,,,-1.0,,,,,,,,1.0
2015-02-06,,-1.0,,,,,1.0,,,,1.0,-1.0,,,,,,,,,,,,,,1.0,,,,,,,,,,,-1.0,1.0,,-1.0,,,,,,,1.0,,,,-1.0,,,,,,,,,,,,,
2015-02-13,,,-1.0,,1.0,-1.0,,,,,1.0,,,,,,1.0,,,,,,,,,,,,,,,,-1.0,,,,,,,,,,-1.0,,,,,,1.0,,,,,,,1.0,,,,,,,,-1.0
2015-02-17,,,,,,,1.0,,,,,-1.0,,,,-1.0,,,,,,,,,,1.0,,,,,1.0,,,,,,,-1.0,,-1.0,,,,,,,,1.0,-1.0,,,1.0,,,,,,,,,,,,
2015-02-27,,,,,,,-1.0,,,,,,,,,-1.0,,,,,,,,,,1.0,,,,,,,,-1.0,,,,,,1.0,,1.0,-1.0,,,,,,,,1.0,,,,,1.0,,,,,,,,-1.0
2015-03-06,,1.0,,,,,,,,,,1.0,,,,,,,,,,,,,,1.0,,,,1.0,,,,-1.0,,,,-1.0,,,,,1.0,,-1.0,,,,-1.0,,,-1.0,,,,,,,,,,,,
2015-03-13,,,,,-1.0,,1.0,,,,,,,,,-1.0,1.0,,,,,,,,,,,,,,1.0,,-1.0,1.0,,,,,,,1.0,,,,-1.0,,-1.0,,,,,,,,,,,,,,,,,
2015-03-20,1.0,,,,,,,1.0,,,1.0,-1.0,,,,,-1.0,,,,,,,,1.0,-1.0,,,,,,,,-1.0,,,,,,,,,,,,,,,,,-1.0,,,,,,,,,,,,,1.0
2015-03-27,1.0,1.0,-1.0,,,-1.0,,-1.0,,,,,1.0,,,1.0,,,,,,,,,,,,,,,,,,,,,,,,,,,,,,,,,,,,-1.0,,,,-1.0,,,,,,,,1.0
2015-04-03,,,,,,1.0,,,,,,,,-1.0,,,,,,,,,,,-1.0,-1.0,,,,-1.0,,,,,,,1.0,,,,,,,1.0,,,1.0,-1.0,,,,,,,,1.0,,,,,,,,
2015-04-10,,,,,,,,,,,,,,-1.0,,,1.0,,,,,,,,,,,,,,-1.0,,,,,,,-1.0,,,1.0,,,1.0,1.0,,,-1.0,1.0,,,,,,-1.0,,,,,,,,,
2015-04-17,,,,,,,-1.0,,,,,-1.0,1.0,,,,,,,,,,,,,1.0,,,,,,,,-1.0,,,,,,,,,1.0,-1.0,1.0,,,,,,-1.0,,1.0,,,,,,,,,,,
2015-04-24,,,,,1.0,,,,,,1.0,,,,,,,,,,,,,,1.0,,,,,,1.0,,,,,,-1.0,,,,,1.0,-1.0,,,,-1.0,-1.0,,,-1.0,,,,,,,,,,,,,
2015-04-30,1.0,,,-1.0,,,1.0,,,,,1.0,,,,,,,,,,,,,,1.0,,,,,-1.0,,,,,,,1.0,,,,,,,,,,,-1.0,,,,,,-1.0,-1.0,,,,,,,,
2015-05-08,,,,,,,,,,,,1.0,1.0,,,-1.0,1.0,,,,,,,,-1.0,,,,,,,,1.0,,,,,,,1.0,,,,,-1.0,,,,,,,,,,,-1.0,,,,,,,,-1.0
2015-05-15,,1.0,,,-1.0,,,,,,,,,1.0,,,,,,,,,,,1.0,,,,,,,,,,,,,-1.0,,-1.0,-1.0,,,,,,1.0,,,,,-1.0,,,,,,,,,,,,1.0
2015-05-22,,,1.0,,,,1.0,-1.0,,,-1.0,,1.0,,,,,,,,,,,,,,,,,1.0,,,,1.0,,,,,,-1.0,,,,,,,,,,,,-1.0,,,,-1.0,,,,,,,,
2015-05-29,,,,-1.0,,,,,,,,1.0,,,,,,,,,,,,,1.0,-1.0,,,,,,,,,,,-1.0,,,,,,,-1.0,,,,,,,1.0,-1.0,,,,1.0,,,,,,,,1.0
2015-06-05,1.0,,,,,,1.0,,,,,-1.0,,,,-1.0,,,,,,,,,,1.0,,,,1.0,,,1.0,,,,,,,-1.0,,,-1.0,,,,-1.0,,,,,,,,,,,,,,,,,
2015-06-12,,,,,,,-1.0,,,1.0,,,,,,,,,,,1.0,,,,,,,1.0,,,,,,,,,,-1.0,,,-1.0,,,,,,-1.0,,1.0,,,,,,,1.0,,,,,,,,-1.0
2015-06-19,1.0,,,,,-1.0,,,,,1.0,,1.0,,,1.0,,,,,,,,,,,,,,,,,,,,,,1.0,,-1.0,,-1.0,,-1.0,-1.0,,,,,,,,,,,,,,,,,,,
2015-06-26,,1.0,-1.0,,,,,,,,,,,1.0,,1.0,,,,,,,,,,,,,,,-1.0,,,1.0,,,,1.0,,,,-1.0,,,,,,,,,,-1.0,,,-1.0,,,,,,,,,
2015-07-03,1.0,,,,-1.0,-1.0,,,,,,,1.0,,,,1.0,,,,,,,,,,,,,1.0,,,1.0,,,,,,,-1.0,,,,,,,,,,,,,,,,-1.0,,,,,,,,-1.0
2015-07-10,,,,,1.0,-1.0,,,,,-1.0,,1.0,,,,,,,,,,,,,-1.0,,,,1.0,,,1.0,,-1.0,,,,,,1.0,,,,,,,,-1.0,,,,,,,,,,,,,,,
2015-07-17,,,,,,,,,,,-1.0,-1.0,,,,-1.0,,,1.0,,1.0,,,,,,,,,,,,,-1.0,1.0,,,,,,,1.0,,,,,1.0,,,,,,,,-1.0,,,,,,,,,
2015-07-24,,,-1.0,,,,,1.0,,,,-1.0,,,,,,,,,,,,,1.0,,,,,1.0,,,,,,,,-1.0,,,,1.0,,,,,,,-1.0,,1.0,,,,,,,,,,,,,-1.0
2015-07-31,,,,,,,1.0,,,,,,,,,,,,,,,,,,-1.0,-1.0,,,,,1.0,,,1.0,1.0,,,,,,,,,,1.0,,,-1.0,,,-1.0,,,,,-1.0,,,,,,,,
2015-08-07,,,,-1.0,,,1.0,,,,,1.0,,,,-1.0,,,,,,,,,1.0,1.0,,,,,-1.0,,-1.0,,,,,,,,-1.0,,,,,,,,,,,,,,,,,,,,,,,1.0
2015-08-14,,,,,1.0,,,,,,1.0,,-1.0,,,,1.0,,,,,,,,,,,,,,-1.0,,-1.0,,,,1.0,,,,,,1.0,-1.0,,,,,,,,,-1.0,,,,,,,,,,,
2015-08-21,,,,-1.0,,,1.0,-1.0,,,,,,1.0,,,-1.0,,,,,,,,,-1.0,,,,1.0,,,,,,,-1.0,,,,1.0,1.0,,,,,,,,,,,,,,,,,,,,,,
2015-08-28,1.0,1.0,1.0,-1.0,,,,,,,,,1.0,,,,-1.0,,,,,,,,,,,,,,,,,,,,,-1.0,,,1.0,,,,-1.0,,,,,,,,,,,-1.0,,,,,,,,
2015-09-02,-1.0,,,,,1.0,1.0,,,,,,,-1.0,,,,,,,,,,,,,,,,1.0,,,,,,,-1.0,,,1.0,,1.0,,,,,-1.0,-1.0,,,,,,,,,,,,,,,,
2015-09-11,,,-1.0,,,,-1.0,-1.0,,,,,1.0,,,,-1.0,,,,,,,,,,,,,,1.0,,,,,,,,,,-1.0,,,,,,1.0,,1.0,,,,,,,1.0,,,,,,,,
2015-09-18,-1.0,1.0,1.0,,-1.0,,,,,,,,-1.0,,,,,,,,,,,,,,,,,,-1.0,,-1.0,1.0,,,,,,,,,,1.0,1.0,,,,,,,,,,,,,,,,,,,
2015-09-25,-1.0,-1.0,,,1.0,,,1.0,,,,,1.0,,,,,,,,,,,,,,,,,,,,-1.0,,,,1.0,,,,,1.0,,,,,,,-1.0,,-1.0,,,,,,,,,,,,,
2015-09-30,,,,-1.0,,,,,,,,,1.0,1.0,,,,,,,,,,,,,,,,,1.0,,-1.0,,,,,,,,1.0,1.0,-1.0,,,,-1.0,,,,-1.0,,,,,,,,,,,,,
2015-10-09,-1.0,1.0,,,,,,,,,,1.0,,,,,1.0,,,,,,,,,1.0,,,,-1.0,,,1.0,,,,,,,,,-1.0,,,,,,-1.0,-1.0,,,,,,,,,,,,,,,
2015-10-16,,,,,1.0,,,,,,,,-1.0,-1.0,,,,,,,,,,,1.0,,,,,-1.0,1.0,,,-1.0,,,,,,,,1.0,,,,,1.0,-1.0,,,,,,,,,,,,,,,,
2015-10-23,,,,,,,,-1.0,,,,1.0,1.0,1.0,,,,,,,,,,,,,,,,1.0,,,-1.0,,,,-1.0,-1.0,,,,,-1.0,,1.0,,,,,,,,,,,,,,,,,,,
2015-10-30,1.0,,,,-1.0,,1.0,,,,,,,1.0,,,,,,,,,,,,,,,,,-1.0,,,1.0,,,-1.0,,,-1.0,1.0,,,,,,,-1.0,,,,,,,,,,,,,,,,
2015-11-06,1.0,,,1.0,,,,-1.0,,,-1.0,,,,,1.0,,,,,,,,,,,,,,,-1.0,,1.0,,,,-1.0,,,-1.0,,,,,,,,,1.0,,,,,,,,,,,,,,,
2015-11-13,,,,,,,-1.0,,,,,-1.0,,1.0,,-1.0,,,,,,,,,,,,,,,1.0,,,,,,,,,,,-1.0,-1.0,,,,1.0,,1.0,,,,,,1.0,,,,,,,,,
2015-11-20,,,,-1.0,,,1.0,,,,,,1.0,1.0,,-1.0,1.0,,,,,,,,,,,,,,,,,,-1.0,,,,,,1.0,,,,,,,,,,,-1.0,,,,,,,,,,,,-1.0
2015-11-27,1.0,,,,1.0,,,-1.0,,,,,1.0,,,-1.0,,,,,,,,,-1.0,,,,,,,,1.0,,,,,,,,,1.0,-1.0,,,,,,,,,,,,,-1.0,,,,,,,,
2015-12-04,-1.0,,,,1.0,,,,1.0,,,,,,,-1.0,,,1.0,,,,,,1.0,,,,,,,,-1.0,,,,,,,1.0,-1.0,,,,,,,,,,,,,,-1.0,,,,,,,,,
2015-12-11,,-1.0,,,1.0,,1.0,1.0,,,,,-1.0,,,,,,,,,,,,,,,,,-1.0,,,,,-1.0,,,,,,-1.0,,,,,,,,1.0,,1.0,,,,,,,,,,,,,
2015-12-18,,1.0,-1.0,1.0,,,-1.0,,-1.0,,1.0,,,,,,-1.0,,,,,-1.0,,,,,,,,,,,,,1.0,,,,,,,,,,,,,,,,,,,,,1.0,,,,,,,,
2015-12-25,,,,,-1.0,,,,,,,,,,,,1.0,,,,,,,,-1.0,,,,,-1.0,,,1.0,-1.0,,,,,,,1.0,,,,,,1.0,,1.0,,,,,,-1.0,,,,,,,,,
2015-12-31,,,,,,1.0,,-1.0,,,,1.0,,,,,,,,,,,,,,1.0,,,,1.0,,,,,1.0,,,-1.0,,,,,,-1.0,,,,,,,-1.0,,,,-1.0,,,,,,,,,
2016-01-08,,-1.0,,,,-1.0,1.0,,,,,,,,,,1.0,,,,,,,,,,,,,,,,,,,,-1.0,,,,1.0,,-1.0,,,,,,,,,1.0,,,,-1.0,,,,,,,,1.0
2016-01-15,1.0,,,,,,1.0,-1.0,,,-1.0,1.0,,,,1.0,,,,,,,,,,-1.0,,,,1.0,,,,,,,,,,,,,,,,,-1.0,,,,,,,,-1.0,,,,,,,,,
2016-01-22,1.0,,1.0,,1.0,-1.0,,,,,,,-1.0,,,,,,,,,,,,,1.0,,,,,,,,1.0,,,,,,,,,,,,,-1.0,,-1.0,,,,,,-1.0,,,,,,,,,
2016-01-29,,,1.0,,-1.0,,1.0,,,,-1.0,,,,,,1.0,,,,,,,,,1.0,,,,,,,,,,,-1.0,,,,1.0,,,,,,-1.0,,-1.0,,,,,,,,,,,,,,,
2016-02-05,-1.0,,,,,,,,,,-1.0,,,1.0,,,,,,,,,,,,-1.0,,,,,-1.0,,,,,,,1.0,,,1.0,-1.0,,1.0,,,,,,,,1.0,,,,,,,,,,,,
2016-02-19,,-1.0,,,,-1.0,,,,,,,,,,-1.0,1.0,,,,,,,,1.0,,,,,,,,,,,,,-1.0,,,-1.0,,,,,,,1.0,,,1.0,,,,,1.0,,,,,,,,
2016-02-26,,1.0,,-1.0,,-1.0,1.0,,,,-1.0,1.0,,,,,1.0,,,,,,,,,,,,,,-1.0,,,1.0,,,,,,,,,,,,,-1.0,,,,,,,,,,,,,,,,,
2016-03-04,,,,,,,,,,,,,1.0,,,,,,-1.0,,,-1.0,,,,,,,,,,,,,1.0,,,-1.0,,1.0,1.0,,,,,,,,-1.0,,,,,,1.0,,-1.0,,,,,,,
2016-03-11,,-1.0,,,,,-1.0,-1.0,,,,,,-1.0,,,,,,,,,,,,,,,,,,,,,,,,-1.0,,1.0,1.0,1.0,,,1.0,,,,,,,,,,,1.0,,,,,,,,
2016-03-18,-1.0,,,-1.0,,,,,,,,,1.0,1.0,,-1.0,,,,,,,,,,,,,,,-1.0,,1.0,,1.0,,,1.0,,-1.0,,,,,,,,,,,,,,,,,,,,,,,,
2016-03-25,1.0,,,,-1.0,,,,,,,,1.0,,,1.0,,,,,,,,,,,,,,,,,1.0,,,,,-1.0,,,1.0,-1.0,,,,,,,,,,-1.0,,,,-1.0,,,,,,,,
2016-04-01,,,,,,,1.0,,,,,,1.0,,,,1.0,,-1.0,,-1.0,,,,,,,-1.0,,,,,,,,,,,,,,,,,,,,,1.0,,,,,,-1.0,1.0,-1.0,,,,,,,
2016-04-08,-1.0,,,,,,,,,,,1.0,,,,,-1.0,,,,,,,,1.0,,,,,,,,,-1.0,,,,,,1.0,,1.0,,,,,,,,,1.0,-1.0,,,,-1.0,,,,,,,,
2016-04-15,,,,,,,,,,1.0,,,,,,-1.0,,,1.0,,1.0,,,,,,,1.0,,,,,,-1.0,,,,,,,-1.0,1.0,,,,,,-1.0,,,-1.0,,,,,,,,,,,,,
2016-04-22,-1.0,,,,,1.0,,,,,1.0,,,,,-1.0,,,,,,,,,1.0,,,,,,1.0,,,,,,,-1.0,,,,-1.0,,,,,,,-1.0,,,,,,,,,,,,,,,1.0
2016-04-29,-1.0,-1.0,-1.0,,1.0,,,,,,,1.0,-1.0,,,,,,,,,,,,1.0,,,,,,,,,,,,,,,1.0,-1.0,,,,,,1.0,,,,,,,,,,,,,,,,,
2016-05-06,,,,,1.0,,,1.0,-1.0,,,1.0,,,,,,,,,,-1.0,,,,,,,,,,,,1.0,,,,,,,,-1.0,,,,,,,,,,,-1.0,,1.0,,-1.0,,,,,,,
2016-05-13,,1.0,,,,,1.0,,-1.0,,,,,,,,,,,,,-1.0,,,,1.0,,,,,,,,,1.0,,,,,,,,,1.0,,,,,-1.0,,,,,,-1.0,,-1.0,,,,,,,
2016-05-20,-1.0,,,,,,,,,,-1.0,,1.0,,,-1.0,,,1.0,,,1.0,,,,,,,,,,,,-1.0,,,,,,,,,,,-1.0,,,,,,,,1.0,,,,,,,,,,,1.0
2016-05-27,1.0,,-1.0,,-1.0,,-1.0,1.0,,,,,1.0,,,,,,,,,,,,,,,,,,,,,,-1.0,,1.0,,,,,,,,-1.0,,,,,,,,,,,,,,,,,,,1.0
2016-06-03,1.0,,,-1.0,-1.0,,,,,,,1.0,1.0,,,,,,,,,,,,,-1.0,,,,1.0,-1.0,,,1.0,,,,,,,,,,,,,,,-1.0,,,,,,,,,,,,,,,
2016-06-08,,,1.0,1.0,1.0,,,,,,,-1.0,,-1.0,,-1.0,,,,,,,,,,,,,,,,,,,,,1.0,,,,,-1.0,,,,,1.0,,,,,,,,,,,,,,,,,-1.0
2016-06-17,,1.0,,,,,1.0,,-1.0,-1.0,,1.0,,,,,,,,,,-1.0,,,,,,,,,,,,,,,,,,,,-1.0,,,,,1.0,,,,,,-1.0,,1.0,,,,,,,,,
2016-06-24,,,1.0,1.0,,-1.0,,-1.0,,,1.0,,,,,,,,,,,,,,,,,,,,,,,,,,,,,,,1.0,,1.0,,,-1.0,-1.0,,,,,,,-1.0,,,,,,,,,
2016-07-01,,,1.0,,,1.0,,-1.0,,,,1.0,1.0,,,,,,,,,,,,,,,,,,,,,,-1.0,,,1.0,,,,,,,,,,-1.0,,,-1.0,-1.0,,,,,,,,,,,,
2016-07-08,,,-1.0,,,,,,,,,,1.0,,,,,,,,,,,,,-1.0,,,,1.0,,,,,,,,-1.0,,,,,1.0,-1.0,1.0,,,,,,,-1.0,,,,1.0,,,,,,,,
2016-07-15,-1.0,,,,-1.0,,,-1.0,,,,,,1.0,,,,,,,,,,,,,,,,,,,,,-1.0,,,,,1.0,,,-1.0,,,,1.0,1.0,,,1.0,,,,,,,,,,,,,
2016-07-22,,1.0,-1.0,,-1.0,-1.0,,,,,,,-1.0,,,,,,,,,,,,,,,,,-1.0,,,,,1.0,,,,,,,1.0,,,,,1.0,,,,,1.0,,,,,,,,,,,,
2016-07-29,,,,,-1.0,1.0,,,,,,,,-1.0,,,,,,,1.0,,,,,-1.0,,1.0,,,,,,-1.0,,,1.0,,,,,,,,,,1.0,,,,,,,,,,,,,,,,,-1.0
2016-08-05,,1.0,-1.0,,,,1.0,,,-1.0,,1.0,,,,,,,,,,,,,,,,,,1.0,,,,,,,,,,,,,,,-1.0,,,1.0,,,,,-1.0,,,,-1.0,,,,,,,
2016-08-12,,-1.0,,,,,,,1.0,1.0,,-1.0,,,,,,,1.0,,,,,,,,,1.0,,,,,,,,,,-1.0,,,,,,,,,,-1.0,-1.0,,,,,,,,1.0,,,,,,,
2016-08-19,1.0,,,,,1.0,,-1.0,,,,-1.0,,,,,,,,,,,,,,1.0,,,,,,,-1.0,,,,,,,,,,,1.0,,,,-1.0,,,1.0,,,,-1.0,,,,,,,,,
2016-08-26,,,1.0,,,,1.0,,,-1.0,,,,,,,,,-1.0,,-1.0,-1.0,,,,,,,,,1.0,,1.0,,,,,,,,1.0,,,,,,,,,,,,,,,,-1.0,,,,,,,
2016-09-02,,,-1.0,,,,,1.0,,,-1.0,,,,,,-1.0,,,,,,,,,,,,,1.0,,,,,1.0,,,,,,-1.0,-1.0,,,,,,,1.0,,,,,,,,,,,,,,,1.0
2016-09-09,,,,,,,,,,,,1.0,-1.0,,,,1.0,,,,,,,,,-1.0,,,,,,,,1.0,,,,,,,1.0,-1.0,,,,,,,,,,1.0,,,-1.0,,,,,,,,,-1.0
2016-09-14,-1.0,1.0,,-1.0,,1.0,,,,,,,1.0,,,1.0,,,,,-1.0,,,,,,,,,,,,,1.0,,,,,,,,,,-1.0,,,,,,,,,,,,,-1.0,,,,,,,
2016-09-23,1.0,,1.0,,,,,,,,,-1.0,,,,,,,,,,,,,,-1.0,,,,,,,-1.0,-1.0,,,,,,,,,,1.0,1.0,,1.0,,-1.0,,,,,,,,,,,,,,,
2016-09-30,,,1.0,,,,,,,,,,,-1.0,,,,,,,,,,,,,,,,-1.0,1.0,,,,-1.0,,,1.0,,,,,,-1.0,1.0,,,-1.0,,,,,,,,,,,,,,,,1.0
2016-10-14,-1.0,,,,,,,,,,,,-1.0,,,1.0,,,,,,,,,1.0,,,,,,,,1.0,,,,,,,,,,1.0,,-1.0,,,1.0,,,,-1.0,,,,,,,,,,,,-1.0
2016-10-21,,,,-1.0,,-1.0,,-1.0,,,1.0,,,1.0,,-1.0,,,,,,,,,,,,,,,,,,,1.0,,,,,,,,,,,,,1.0,1.0,,,-1.0,,,,,,,,,,,,
2016-10-28,,-1.0,,1.0,,1.0,-1.0,,,,,,-1.0,1.0,,,,,,,,,,,,1.0,,,,,,,,-1.0,,,,,,,,,1.0,,,,,,-1.0,,,,,,,,,,,,,,,
2016-11-04,,,,,,,,1.0,,,,,,1.0,,-1.0,,,,,,,,,-1.0,,,,,,,,,,,,,1.0,,1.0,,,,,,,,-1.0,1.0,,-1.0,,,,,,,,,,,,,-1.0
2016-11-11,,,1.0,,,-1.0,,,-1.0,-1.0,-1.0,,1.0,,,,,,,,,,,,,1.0,,,,,,,1.0,,,,,1.0,,,,,,,,,,,,,-1.0,,,,,,,,,,,,,
2016-11-18,,,,1.0,-1.0,,,,,,,,,,,,,,1.0,,,,,,,,,,,,,,,-1.0,,,,-1.0,,,,,-1.0,,1.0,,,,,,,,1.0,,,,1.0,,,,,,,-1.0
2016-11-25,,1.0,1.0,,,,,-1.0,,,,,,,,,,,,,,,,,,-1.0,,,,1.0,-1.0,,,1.0,,,,,,,,,,,,,,,1.0,,,-1.0,,,,,,,,,,,,-1.0
2016-12-02,,1.0,-1.0,,,,,-1.0,,,,,,1.0,,,,,,,,,,,1.0,,,,,,,,,,,,1.0,,,,-1.0,,1.0,,-1.0,,,,-1.0,,,,,,,,,,,,,,,
2016-12-09,-1.0,,,,1.0,,,,,,1.0,,,,,,-1.0,,,,,,,,,,,,,,-1.0,,,,,,,,,,-1.0,1.0,,,,,1.0,,,,,-1.0,,,1.0,,,,,,,,,
2016-12-16,,1.0,1.0,-1.0,-1.0,,,,,,,-1.0,,,,,,,,,,,,,,1.0,,,,-1.0,,,,,,,,1.0,,1.0,,,,,,,,,,,,,,,-1.0,,,,,,,,,
2016-12-23,1.0,1.0,-1.0,,,,,-1.0,-1.0,,,1.0,,,,1.0,,,-1.0,,,,,,,,,,,,,,,,1.0,,,,,,,,,,,,,,,,-1.0,,,,,,,,,,,,,
2016-12-30,,,,,,-1.0,,,,,,-1.0,1.0,,,,,,,,,,,,-1.0,,,,,,,,,,,,,,,1.0,,,,-1.0,,,,,1.0,,1.0,1.0,,,,,,,,,,,,-1.0
2017-01-06,,,,,,,,1.0,,,1.0,,-1.0,-1.0,,,,,,,,,,,,,,,,-1.0,,,-1.0,-1.0,,,,,,,,1.0,,,,,,,,,,1.0,,,,1.0,,,,,,,,
2017-01-13,,,1.0,,,,1.0,,,,,,,,,1.0,,,,,,,,,,,,,,,-1.0,,,,,,-1.0,,,-1.0,,,,1.0,,,1.0,,-1.0,,,,,,-1.0,,,,,,,,,
2017-01-20,-1.0,,,-1.0,,,-1.0,-1.0,1.0,1.0,,,,,,1.0,,,,,,,,,,,,,,,,,,1.0,,,,,,,,,,,,,-1.0,,,,,,,,,,1.0,,,,,,,
2017-01-26,,1.0,,,,,1.0,,,,,,,,,1.0,,,,,,,,,,-1.0,,,,-1.0,-1.0,,-1.0,,-1.0,,,1.0,,,,,,,,,,,,,,1.0,,,,,,,,,,,,
2017-02-03,,,,1.0,,,1.0,,,,,,,1.0,,,-1.0,,,,,,,,,-1.0,,,,,,,,1.0,,,-1.0,,,-1.0,,,,,1.0,,,,-1.0,,,,,,,,,,,,,,,
2017-02-10,1.0,,-1.0,-1.0,,,,-1.0,1.0,,,1.0,,,,,,,,,,1.0,,,,,,,,-1.0,,,,,,,,,,,,,,,,,-1.0,,1.0,,,,,,,,,,,,,,,
2017-02-17,,,,-1.0,,,1.0,-1.0,,,,,,,,1.0,,,,,,,,,,,,,,-1.0,,,,,,,,1.0,,,,,,1.0,-1.0,,,,1.0,,,,,,-1.0,,,,,,,,,
2017-02-24,,1.0,,,,1.0,,,,,1.0,,-1.0,-1.0,,-1.0,,,,,,,,,,,,,,,,,,-1.0,,,,,,,-1.0,,,1.0,,,,,1.0,,,,,,,,,,,,,,,
2017-03-03,-1.0,,,,1.0,,-1.0,,,,,,,,,,-1.0,,,,,,,,,,,,,,1.0,,-1.0,,,,1.0,-1.0,,,,,1.0,,,,,,,,,,,,,1.0,,,,,,,,
2017-03-10,,,,,,,1.0,,,,1.0,,,,,-1.0,1.0,,,,,,,,,1.0,,,,,,,,,,,-1.0,,,,,,-1.0,,-1.0,,,1.0,,,,,,,,,,,,,,,,-1.0
2017-03-17,,,,-1.0,,,,-1.0,,,-1.0,,1.0,1.0,,,,,,,,,,,,,,,,,,,,,1.0,,,,,1.0,,,,,,,-1.0,,-1.0,,,,,,,,,,,,,,,1.0
2017-03-24,,,,,,,1.0,,,,-1.0,-1.0,,,,,,,,,,,,,-1.0,,,,,,,,,,,,,1.0,,,1.0,,-1.0,,1.0,,,,-1.0,,,,,,,,,,,,,,,1.0
2017-03-31,,,,,1.0,,,,,,,,,-1.0,,,-1.0,,,,,,,,1.0,,,,,-1.0,,,,,,,-1.0,,,,,,,-1.0,,,,1.0,,,,1.0,,,,,,,,,,,,1.0
2017-04-07,,,1.0,,,1.0,,-1.0,,,,-1.0,1.0,,,,,,,,,,,,1.0,,,,,1.0,,,,,,,,-1.0,,,-1.0,,,,,,-1.0,,,,,,,,,,,,,,,,,
2017-04-14,,1.0,-1.0,,,,1.0,,,,,,,,,,,,,,,,,,,,,,,,-1.0,,,1.0,,,,,,,,-1.0,,-1.0,-1.0,,1.0,1.0,,,,,,,,,,,,,,,,
2017-04-21,,,-1.0,,-1.0,,,,,,,,1.0,,,,,,,,,,,,,1.0,,,,,,,,,,,-1.0,,,1.0,,,-1.0,,,,-1.0,1.0,,,,,,,,,1.0,,,,,,,
2017-04-28,-1.0,1.0,,,,,-1.0,,,,,1.0,1.0,,,,,,,,,,,,-1.0,,,,,,,,,,1.0,,,-1.0,,,,,,,,,-1.0,1.0,,,,,,,,,,,,,,,,
2017-05-05,,,,,,1.0,1.0,,,,,,,,,,,,,,,,,,,1.0,,,,,,,,,,,-1.0,,,,1.0,,-1.0,,,,-1.0,,-1.0,,1.0,,,,,-1.0,,,,,,,,
2017-05-12,,,,,,1.0,,,,,-1.0,,,1.0,,,,,,,,,,,,,,,,-1.0,,,-1.0,1.0,,,,,,,,-1.0,1.0,,,,,,1.0,,-1.0,,,,,,,,,,,,,
2017-05-19,,1.0,,,,,1.0,1.0,,,,,,-1.0,,,,,,,,,,,,,,,,,,,-1.0,-1.0,,,,,,,-1.0,1.0,,,-1.0,,1.0,,,,,,,,,,,,,,,,,
2017-05-26,,-1.0,,,1.0,,,,,,,,,1.0,,,,,,,,,,,,-1.0,,,,,1.0,,,,,,,,,-1.0,1.0,,,-1.0,,,1.0,,-1.0,,,,,,,,,,,,,,,
2017-06-02,,-1.0,,,,,,,,,,,,,,,,,,,,,,,,,,,,-1.0,1.0,,-1.0,1.0,,,,-1.0,,,,,,1.0,1.0,,-1.0,,,,,,,,,,,,,,,,,1.0
2017-06-09,1.0,,-1.0,-1.0,-1.0,,1.0,,,,,,1.0,,,,,,,,,,,,,1.0,,,,,,,,,,,-1.0,1.0,,,,,,,,,,,,,,-1.0,,,,,,,,,,,,
2017-06-16,,,-1.0,,-1.0,,,,,,,,,,,,,,,,,,,,-1.0,-1.0,,,,1.0,,,,,,,1.0,,,,,,,,1.0,,,-1.0,,,,,,,,1.0,,,,,,,,1.0
2017-06-23,,,,,,1.0,,,,,,,1.0,,,,,,,,,,,,,,,,,,,,,,,,,1.0,,,-1.0,-1.0,1.0,,,,1.0,,-1.0,,-1.0,,,,,-1.0,,,,,,,,
2017-06-30,,,,1.0,,,,,,-1.0,,,,1.0,,,1.0,,,,-1.0,-1.0,,,,,,-1.0,,,,,,,,,,,,,,1.0,,,,,,,1.0,,,,-1.0,,,,,,,,,,,
2017-07-07,,,-1.0,,,,1.0,,,,-1.0,1.0,,,,,,,,,-1.0,-1.0,,,1.0,,,-1.0,,,,,,,,,,,,,,,,,,,1.0,,,,,,,,,1.0,,,,,,,,
2017-07-14,-1.0,,,-1.0,1.0,,,,,,,,,,,,-1.0,,,,,,,,-1.0,1.0,,,,,,,,,,,,,,,,-1.0,,,,,1.0,,,,1.0,,,,,,,,,,,,,1.0
2017-07-21,,,,,,1.0,,1.0,,,,,,,,,-1.0,,,,,-1.0,,,,,,-1.0,,,,,-1.0,-1.0,,,,,,,,,,,,,,1.0,,,,,,,,1.0,,,,,,,,1.0
2017-07-28,,1.0,,,,,,,,,,,,1.0,,,,,,,,,,,1.0,,,,,,,,-1.0,,,,,,,-1.0,,1.0,1.0,,-1.0,,,,,,,,,,,-1.0,,,,,,,,-1.0
2017-08-04,-1.0,1.0,,,,1.0,,,,,,1.0,1.0,1.0,,,,,,,,,,,,,,,,-1.0,-1.0,,,,-1.0,,,,,,,,-1.0,,,,,,,,,,,,,,,,,,,,,
2017-08-11,,,,,1.0,1.0,-1.0,,1.0,,-1.0,,,1.0,,,,,,,,,,,,1.0,,,,,,,,-1.0,,,,,,,,-1.0,,,,,,,,,,,,,,,,,,,,,,-1.0
2017-08-18,,,,,,,1.0,-1.0,,,,,,1.0,,,,,,,,,,,,-1.0,,,,,,,1.0,-1.0,,,-1.0,,,,1.0,,,-1.0,,,,,,,,1.0,,,,,,,,,,,,
2017-08-25,,1.0,,,,-1.0,,,,,-1.0,1.0,1.0,,,1.0,,,,,,,,,,,,,,,,,1.0,,,,-1.0,,,,,,,,,,,-1.0,,,,,,,,,,,,,,,,-1.0
2017-09-01,,,,-1.0,1.0,,,,,,,,,,,-1.0,-1.0,,,,,,,,,1.0,,,,1.0,,,,,,,,-1.0,,,,,,,,,,1.0,,,-1.0,,,,1.0,,,,,,,,,
2017-09-08,1.0,1.0,,,,-1.0,,,,,,,,-1.0,,-1.0,,,,,,,,,,,,,,1.0,,,,,,,,,,,,,,1.0,-1.0,,,1.0,,,,,,,,-1.0,,,,,,,,
2017-09-15,1.0,,1.0,,,1.0,-1.0,,,,,,,,,,,,,,,,,,,,,,,,,,,,,,-1.0,-1.0,,1.0,,,-1.0,,,,,,-1.0,,1.0,,,,,,,,,,,,,
2017-09-22,-1.0,,,,,1.0,,,,,1.0,,,-1.0,,1.0,,,,,,,,,,,,,,,,,,,,,1.0,,,,,,,,,,,,-1.0,,-1.0,1.0,,,,,,,,,,,,-1.0
2017-09-29,,,,-1.0,,,-1.0,,,,,,,,,,1.0,,,,,,,,,1.0,,,,,,,,1.0,,,,,,,,,1.0,-1.0,-1.0,,,,,,,-1.0,,,,,,,,,,,,1.0
2017-10-13,,,,,,1.0,,,,,,,,-1.0,,,,,,,,,,,,1.0,,,,,-1.0,,,-1.0,,,1.0,,,,,,,,-1.0,,,,-1.0,,,1.0,,,1.0,,,,,,,,,
2017-10-20,-1.0,,,,,,1.0,,,,,,,,,,,,,,,,,,-1.0,,,,,,-1.0,,-1.0,-1.0,,,,,,,,1.0,1.0,1.0,,,,,,,,,,,1.0,,,,,,,,,
2017-10-27,,-1.0,1.0,1.0,,,,1.0,,,,-1.0,,,,,,,,,,,,,,-1.0,,,,,,,,-1.0,,,,,,,,,,,,,1.0,-1.0,,,1.0,,,,,,,,,,,,,
2017-11-03,,,,1.0,,,,1.0,,,,,,-1.0,,,,,,,,,,,,,,,,,,,,1.0,,,,-1.0,,1.0,,-1.0,,,1.0,,-1.0,,-1.0,,,,,,,,,,,,,,,
2017-11-10,1.0,,1.0,,,1.0,,,,,,,,,,,1.0,,,,,,,,,,,,,1.0,-1.0,,-1.0,,,,-1.0,,,,,,-1.0,,,,,,-1.0,,,,,,,,,,,,,,,
2017-11-17,,,,-1.0,,,,,,,1.0,,,1.0,,-1.0,,,,,,,,,,,,,,,1.0,,1.0,,,,-1.0,,,,1.0,,,,-1.0,,,,,,,,,,,-1.0,,,,,,,,
2017-11-24,,,,,,1.0,-1.0,,,,,-1.0,,,,-1.0,,,,,,,,,,,,,,1.0,1.0,,,,,,1.0,-1.0,,,1.0,,,,,,-1.0,,,,,,,,,,,,,,,,,
2017-12-01,,,1.0,,1.0,-1.0,,,,,,,-1.0,,,,1.0,,,,,,,,-1.0,,,,,,,,,,-1.0,,,,,,1.0,,1.0,,,,,,,,,,,,,,,,,,,,,-1.0
2017-12-08,,,1.0,,,,,1.0,,,-1.0,,,1.0,,,1.0,,,,,,,,,,,,,,,,,1.0,,,,,,-1.0,,,,,,,-1.0,,,,,-1.0,,,-1.0,,,,,,,,,
2017-12-15,1.0,,,,,,-1.0,-1.0,,,1.0,,,,,-1.0,,,,,,,,,,,,,,,,,,,,,,,,,1.0,,,,1.0,,,,,,,,,,-1.0,1.0,,,,,,,,-1.0
2017-12-22,,,-1.0,,-1.0,,1.0,,,,,,,,,,1.0,,,,,,,,-1.0,,,,,,,,,,,,,1.0,,,1.0,,,,,,-1.0,,,,,1.0,,,,-1.0,,,,,,,,
2017-12-29,,,-1.0,,,1.0,,,,,-1.0,,,,,,1.0,,,,,,,,1.0,,,,,,,,1.0,,,,,,,,,-1.0,-1.0,,,,,,,,,,,,-1.0,,,,,,,,,1.0
2018-01-05,,1.0,,,,,,-1.0,,,,,,,,1.0,,,-1.0,,-1.0,-1.0,,,,,,-1.0,,,,,1.0,,,,1.0,,,,,,,,,,,,,,,1.0,,,,,,,,,,,,
2018-01-12,-1.0,,-1.0,,,1.0,1.0,,,,,,,,,1.0,-1.0,,,,,,,,-1.0,,,,,,,,,,,,,,,,-1.0,,1.0,1.0,,,,,,,,,,,,,,,,,,,,
2018-01-19,-1.0,1.0,,,,,,-1.0,,,,,,,,1.0,,,,,,,,,,,,,,1.0,-1.0,,-1.0,,,,1.0,,,,,,,,1.0,,,-1.0,,,,,,,,,,,,,,,,
2018-01-26,1.0,,,,1.0,,-1.0,,,,,-1.0,,,,,,,,,,,,,1.0,-1.0,,,,,,,,,,,,-1.0,,,1.0,,,,,,1.0,,-1.0,,,,,,,,,,,,,,,
2018-02-02,,-1.0,,,,,,,,,,,,,,,-1.0,,,,,,,,,1.0,,,,,1.0,,,,-1.0,,,,,,1.0,1.0,,1.0,,,-1.0,-1.0,,,,,,,,,,,,,,,,
2018-02-09,,,,,,,,,,,-1.0,1.0,,,,1.0,1.0,,,,,,,,,-1.0,,,,,-1.0,,,,,,-1.0,,,,,1.0,,1.0,,,,,,,,-1.0,,,,,,,,,,,,
2018-02-14,,1.0,,,,1.0,-1.0,,,,,,,,,,,,,,1.0,,,,,1.0,,,,,,,,,,,,-1.0,,1.0,,,-1.0,,,,,-1.0,-1.0,,,,,,,,,,,,,,,
2018-02-23,-1.0,1.0,,-1.0,,,,,,,,1.0,,1.0,,,,,,,,,,,,,,,,1.0,-1.0,,,,,,,1.0,,,,,,,,,-1.0,-1.0,,,,,,,,,,,,,,,,
2018-03-02,,,,,,-1.0,-1.0,,,,1.0,,-1.0,,,,,,,,,,,,,,,,,,-1.0,,1.0,,,,,,,,,,,,,,1.0,,1.0,,1.0,,,,,-1.0,,,,,,,,
2018-03-09,,1.0,,,,,1.0,,,,-1.0,,,,,1.0,,,,,,,,,,,,,,,-1.0,,1.0,,,,-1.0,1.0,,,,,-1.0,,,,,,,,,,,,-1.0,,,,,,,,,
2018-03-16,,,,,,,1.0,-1.0,,,,1.0,,,,1.0,,,,,,,,,,-1.0,,,,-1.0,-1.0,,,,,,,1.0,,,,1.0,,-1.0,,,,,,,,,,,,,,,,,,,,
2018-03-23,,,,,,,,-1.0,,,,,,,,1.0,1.0,,,,,,,,,,,,,-1.0,-1.0,,1.0,,,,,,,1.0,-1.0,-1.0,,,,,,,,,,,,,,,,,,,,,,1.0
2018-03-30,,,1.0,,-1.0,,-1.0,,,,,,,,,-1.0,,,,,,,,,,,,,,1.0,-1.0,,1.0,,,,,1.0,,,,,1.0,,,,-1.0,,,,,,,,,,,,,,,,,
2018-04-04,-1.0,,,,,,,,,-1.0,,,,,,,-1.0,,,,,,,,,,,,,,,,,,,,,1.0,,,,,,1.0,1.0,,1.0,,,,,,-1.0,,,,-1.0,,,,,,,1.0
2018-04-13,,,,,,,,-1.0,,,1.0,,,,,,,,,,,,,,,,,-1.0,,,,,1.0,-1.0,,,,,,,,1.0,-1.0,,,,1.0,,,,,,,,,1.0,,,,,,,,-1.0
2018-04-20,,,1.0,,-1.0,,,-1.0,,,,,,1.0,,-1.0,1.0,,,,,,,,,,,,,,,,,,,,,,,,1.0,,-1.0,,,,1.0,,,,-1.0,,,,,,,,,,,,,
2018-04-27,,,-1.0,,,,,,,,,,,-1.0,,,,,,,,,,,1.0,1.0,,,,,,,,,,,,,,,-1.0,1.0,-1.0,,,,,,-1.0,,,,,,,1.0,,,,,,,,1.0
2018-05-04,,,,,,,-1.0,1.0,,,,,,,,,,,,,,,,,,1.0,,,,,,,-1.0,-1.0,,,1.0,-1.0,,,,,,,,,,,,,,1.0,,,-1.0,1.0,,,,,,,,
2018-05-11,,,,,,,1.0,,,,-1.0,1.0,,,,,,,,,,,,,,1.0,,,,,,,,1.0,,,,,,,,,-1.0,,,,-1.0,,,,-1.0,,,,-1.0,,,,,,,,,1.0
2018-05-18,,,,-1.0,,,,,,,,,,,,1.0,,,,,,,,,-1.0,,,,,,,,,,,,,1.0,,,-1.0,,1.0,-1.0,,,,1.0,,,,,,,,,,,,-1.0,,,,1.0
2018-05-25,-1.0,,-1.0,-1.0,,,1.0,,,,,1.0,,,,1.0,,,,,,,,,-1.0,,,,,,-1.0,,,,,,,1.0,,,,,,,,,,,,,,,,,1.0,,,,,,,,,
2018-06-01,,,,,,,,,,,,1.0,,,,,-1.0,,,,,,,,1.0,,,,,-1.0,1.0,,,1.0,,,,,,,,-1.0,,,,,,-1.0,,,,,,,1.0,,,,,-1.0,,,,
2018-06-08,,1.0,,,-1.0,1.0,,,,,,,,,,,,,,,,,,,,,,,,1.0,,-1.0,,1.0,,,,,,,,-1.0,,1.0,,,-1.0,,,,,,,,-1.0,,,,,,,,,
2018-06-15,,-1.0,,,1.0,,,,,,,,,-1.0,,,-1.0,,,,,,,,,1.0,,,,,,,,,,,1.0,1.0,,-1.0,,,,,-1.0,,1.0,,,,,,,,,,,,,,,,,
2018-06-22,,1.0,,-1.0,,,,,,,-1.0,,1.0,,,,,,,,,1.0,,,,,,,,,,-1.0,,,,,-1.0,,,,1.0,,,1.0,,,,-1.0,,,,,,,,,,,,,,,,
2018-06-29,,-1.0,,1.0,,,1.0,1.0,,-1.0,-1.0,,,,,1.0,,,,,,,,,,,,,,,,,-1.0,,,,,,,,,,,,1.0,,,,,,-1.0,,,,,,,,,,,,,
2018-07-06,,,,,1.0,,-1.0,,,,,,,,,,-1.0,,,,,,,,,,,,,1.0,1.0,,,,,,,1.0,,,,-1.0,,-1.0,,,,,,,,,,,,,,,,-1.0,,,,1.0
2018-07-13,,,,1.0,,1.0,-1.0,,,,,,,,,-1.0,,,,,,,,,-1.0,1.0,,,,,1.0,1.0,,-1.0,,,,,,,,,,,,,-1.0,,,,,,,,,,,,,,,,,
2018-07-20,,,,,,1.0,,,,,,-1.0,,-1.0,,,1.0,,,,,-1.0,,,,,,,,,,,-1.0,,,,,,,,,1.0,,,,,,,,,,,1.0,,1.0,-1.0,,,,,,,,
2018-07-27,,,,,,,1.0,,,,,,,-1.0,,,1.0,,,,,-1.0,,,,,,,1.0,1.0,,,,,,,,,,,,1.0,,,,,-1.0,,,,,,,,,,,,,-1.0,,,,-1.0
2018-08-03,,,,,,,,1.0,,,,,,,,,,,,,,,,,,-1.0,,,1.0,-1.0,-1.0,,,,,,,,,,,,1.0,,-1.0,,1.0,,,,,,,,,1.0,,,,,,,,-1.0
2018-08-10,,,,1.0,,,1.0,1.0,,,-1.0,,,-1.0,,-1.0,,,,,,,,,,,,,1.0,,,,,,,,,,,,,,,,-1.0,,,-1.0,,,,,,,1.0,,,,,,,,,
2018-08-17,,-1.0,,,,,,-1.0,,,1.0,,,,,,,,,,,,,,1.0,,,,,,,,,,,,1.0,,,1.0,,,,,,,-1.0,-1.0,,,,1.0,,,,,,,,,,,,-1.0
2018-08-24,,,,,,,,,,,,,-1.0,,,,,,,,,-1.0,,,1.0,,,,,1.0,-1.0,,1.0,,,,1.0,,,,,,,-1.0,-1.0,,1.0,,,,,,,,,,,,,,,,,
2018-08-31,1.0,,,,,,-1.0,,,,,-1.0,,,,,,,,,,,,,,1.0,,,-1.0,,1.0,,1.0,,,,-1.0,,,,,,,,,,,,,,1.0,-1.0,,,,,,,,,,,,
2018-09-07,1.0,,,,,,,,,,,,-1.0,,,,1.0,,,,,,,,,,,,-1.0,,-1.0,,,,,,,,,,1.0,,,,1.0,,-1.0,,,,,1.0,,,,,,,,,,,,-1.0
2018-09-14,,,,,-1.0,,1.0,,,,,-1.0,,,,,1.0,,,,,-1.0,,,,-1.0,,,,,,,,1.0,,,,1.0,,,,,,,,,,,,,,,,,,-1.0,,,,1.0,,,,
2018-09-21,,,,,,1.0,-1.0,,,,,,,-1.0,,,,,,,,,,,,1.0,,,,,,,,,,,,1.0,,,,1.0,,,,,,,1.0,,,,,,-1.0,,,,,-1.0,,,,-1.0
2018-09-28,,,,1.0,,,,,,,,,-1.0,,,,,,,,,,,,,1.0,,,-1.0,,,,,1.0,,,,,,,1.0,-1.0,,,,,,,,,,1.0,,,,,,,,-1.0,,,,-1.0
2018-10-12,,,,,,,-1.0,,,,1.0,,,,,,,,,,,,,,,,,,-1.0,,1.0,,1.0,,1.0,,,1.0,,,,-1.0,,,,,,,-1.0,,,,,,-1.0,,,,,,,,,
2018-10-19,,,,1.0,,,-1.0,,,,,1.0,,,,,-1.0,,,,,,,,1.0,,,,,,,,,,,,,,,1.0,-1.0,,,,,,-1.0,1.0,,,,,,,,,,,,-1.0,,,,
2018-10-26,,,,,1.0,,,,,,,,,,,,1.0,,,,,1.0,,,-1.0,,,,,,,,,,,,,,,,1.0,,,,1.0,,,,,,-1.0,-1.0,,,-1.0,,,,,-1.0,,,,
2018-11-02,,,,1.0,,,,,,,,,,,,,,,,,,,,,,,,,,,,,,-1.0,,,1.0,1.0,,,-1.0,,,,,,,,-1.0,,,1.0,,,-1.0,,,,,-1.0,,,,1.0
2018-11-09,,-1.0,,1.0,,,1.0,,,,,-1.0,,,,,,,,,,,,,,,,,1.0,,,,1.0,,-1.0,,,1.0,,,,-1.0,,,,,-1.0,,,,,,,,,,,,,,,,,
2018-11-16,,-1.0,,,,,,1.0,,,,,1.0,,,,,,,,,,,,,,,,1.0,,,-1.0,,,,,,-1.0,1.0,1.0,-1.0,,,-1.0,,,,,,,,,,,,,,,,,,,,
2018-11-23,,,,,,,,-1.0,,,1.0,,,1.0,,-1.0,,,,,,1.0,,,,,,,1.0,,1.0,,,,,,,-1.0,,,-1.0,,,,,,,,,,,,,,,,,,,-1.0,,,,
2018-11-30,,-1.0,,-1.0,,,,,,,,-1.0,,,,-1.0,,,,,,,,,,1.0,,,,,,,,,,,1.0,-1.0,,,,,,,,,,,,,1.0,1.0,,,,,,,,1.0,,,,
2018-12-07,-1.0,,,1.0,,1.0,,,,,1.0,1.0,,1.0,,,-1.0,,,,,,,,,,,,-1.0,-1.0,-1.0,,,,,,,,,,,,,,,,,,,,,,,,,,,,,,,,,
2018-12-14,,,,,,,,,,-1.0,,1.0,,,,,,,-1.0,,,,,,1.0,,,-1.0,,1.0,,,,,,,,,,,,,,,1.0,,,,1.0,,,,-1.0,,,,,,,-1.0,,,,
2018-12-21,,1.0,,,,1.0,,,,,-1.0,,,,,,1.0,,,,,,,,,,,,,,,1.0,,,,,,-1.0,,-1.0,,1.0,,,,,,,,,,-1.0,,,,,,,,,,,,-1.0
2018-12-28,,,,,,,1.0,1.0,,,,,,-1.0,,,-1.0,,,,,,,,,1.0,,,,1.0,,,,,,,,1.0,,,,,,,-1.0,,,-1.0,,,-1.0,,,,,,,,,,,,,
2019-01-04,,,1.0,,,,-1.0,,,,,,1.0,,,,,,,,,,,,,1.0,,,-1.0,-1.0,,,-1.0,,,,,1.0,,,,,,,,,,1.0,-1.0,,,,,,,,,,,,,,,
2019-01-11,,,,,1.0,,-1.0,-1.0,,,,,1.0,,,,1.0,,,,,,,,,,,,1.0,,,,,1.0,,,,,,,,,,-1.0,,,,,,,,-1.0,,,,,,,,,,,,-1.0
2019-01-18,1.0,,,,,,1.0,,-1.0,,,,,,,,,,-1.0,,-1.0,,,,,,,-1.0,1.0,,,,,-1.0,,,,,,,,,,,1.0,,,,,,,,,,1.0,,,,,,,,,
2019-01-25,-1.0,,-1.0,,,,-1.0,,,,1.0,,-1.0,,,,,,,,,,,,,,,,,,,,,,1.0,,,,,,1.0,,,,,,-1.0,,,,,1.0,,,,1.0,,,,,,,,
2019-02-01,,,-1.0,,1.0,1.0,-1.0,,,,,-1.0,,,,-1.0,-1.0,,,,,,,,,,,,,,,,1.0,,,,,1.0,,,1.0,,,,,,,,,,,,,,,,,,,,,,,
2019-02-15,,,,1.0,,1.0,,,,,,,-1.0,,,1.0,-1.0,,,,,,,,,,,,,-1.0,,,-1.0,,,,,1.0,,,,,,,-1.0,,,,,,1.0,,,,,,,,,,,,,
2019-02-22,1.0,,,-1.0,,,1.0,,,,,,,1.0,,,,,,,,,,,,-1.0,,,,,,,,,,,,1.0,,,,,1.0,,,,-1.0,,,,-1.0,-1.0,,,,,,,,,,,,
2019-03-01,,,,,,,-1.0,-1.0,1.0,,-1.0,,,,,,,,1.0,,,,,,1.0,,,,,,,-1.0,-1.0,,1.0,,,,,,,,,,,,,1.0,,,,,,,,,,,,,,,,
2019-03-08,,,,,1.0,-1.0,,,,,,,,,,1.0,,,,,,1.0,,,,,,,-1.0,,,,,-1.0,,,,,-1.0,,-1.0,,,,,,1.0,,1.0,,,,,,,,,,,,,,,
2019-03-15,,,,,,,-1.0,,,1.0,,,,-1.0,,,,,1.0,,1.0,1.0,,,,,,1.0,,-1.0,,,,,,,,,,,,,,-1.0,,,,,,,,,,,,,,,,-1.0,,,,
2019-03-22,,-1.0,,,1.0,,1.0,,,,,,,,,-1.0,,,,,,,,,-1.0,,,,-1.0,,1.0,,,1.0,,,,1.0,,,,,,,,,-1.0,,,,,,,,,,,,,,,,,
2019-03-29,-1.0,,,,,,1.0,,-1.0,,,,,,,-1.0,,,,,,,,,,,,-1.0,,,1.0,,,,,,,,1.0,,,,,1.0,,,,,,,,,-1.0,,,,,,,,,,,1.0
2019-04-04,,1.0,,,,1.0,1.0,,,,-1.0,,,,,,,,,,,-1.0,,,,,,,,1.0,,,,,,,,,-1.0,,,,,,,,-1.0,,,,,,,,,,,,,1.0,,,,-1.0
2019-04-12,,,,1.0,-1.0,,,1.0,,,,,,,,,1.0,,,,,1.0,,,,-1.0,,,,,,,-1.0,,,,,,,,,1.0,,,,,,-1.0,,,-1.0,,,,,,,,,,,,,
2019-04-19,,,,-1.0,,,1.0,,,,-1.0,,,,,,,,,,,,,,,,,,,,,,1.0,1.0,,,-1.0,1.0,,,,-1.0,,,,,,,,,,,,,1.0,-1.0,,,,,,,,
2019-04-26,,,,,,-1.0,,,,,,,-1.0,,,,1.0,,,,,,,,,,,,,,,-1.0,,,1.0,,-1.0,,1.0,1.0,,,,,,,,1.0,,,,,,,,,,,,,,,,-1.0
2019-04-30,,,,,,,,,,,,,,,,1.0,-1.0,,,,,,,,,,,,1.0,,1.0,,,-1.0,,,,1.0,,,-1.0,,,,,,,,,,,,,,1.0,,,,,-1.0,,,,-1.0
2019-05-10,,1.0,,,,,-1.0,,,,,,,,,-1.0,1.0,,,,,,,,,,,,,-1.0,,,,,,,,1.0,,,,,,1.0,,,,,-1.0,,,1.0,,,,,,,,-1.0,,,,
2019-05-17,,,,,1.0,,-1.0,-1.0,,,,,,,,,,,,,,1.0,,,1.0,,,,,,,,,-1.0,,,1.0,,,,,,,,,,1.0,,,,,,,,-1.0,,,,,-1.0,,,,
2019-05-24,,,,,1.0,,,,,,,,-1.0,-1.0,,-1.0,,,,,,,,,,,,,,,,,-1.0,,1.0,,,,1.0,1.0,,,-1.0,,,,,,1.0,,,,,,,,,,,,,,,
2019-05-31,,-1.0,,-1.0,-1.0,,1.0,,,,,,1.0,,,,,,,,,1.0,,,,,,,,-1.0,,,,,,,,,,,,,,,1.0,,-1.0,,,,,,,,,,,,,1.0,,,,
2019-06-06,,,,1.0,,-1.0,1.0,,,,,,,,,,,,,,,,,,,,,,-1.0,,,1.0,,,1.0,,,,-1.0,,,-1.0,,,,,,-1.0,,,1.0,,,,,,,,,,,,,
2019-06-14,,,,,,,,-1.0,,,,,,,,,,,-1.0,,,-1.0,,,,,,,,,1.0,,,,,,1.0,,-1.0,,1.0,,,,-1.0,,1.0,,,,,,,,,1.0,,,,,,,,
2019-06-21,,,,,,1.0,1.0,,,,,,,1.0,,,1.0,,,,,,,,,,,,,,,,,,,,,1.0,,,,,,,-1.0,,-1.0,,,,-1.0,-1.0,,,,-1.0,,,,,,,,
2019-06-28,,-1.0,,,,,-1.0,-1.0,,,,,,,,-1.0,,,,,,1.0,,,,,,,,,,1.0,1.0,1.0,,,,,,,1.0,,,,,,-1.0,,,,,,,,,,,,,,,,,
2019-07-05,,,-1.0,1.0,,,,,,,1.0,-1.0,,,,,,,1.0,,,,,,,,,,,-1.0,,,,,,,,-1.0,,,,,,,,,-1.0,,,,,,1.0,,,,1.0,,,,,,,
2019-07-12,,1.0,,,-1.0,,1.0,,,,-1.0,,,,,,,,,,,,,,,,,,,,,1.0,,,,,-1.0,1.0,,,,,,,1.0,,,-1.0,-1.0,,,,,,,,,,,,,,,
2019-07-19,,,,,,,1.0,,,,,-1.0,,1.0,,,,,,,,,,,,,,,,,,,,,,-1.0,-1.0,1.0,,,,1.0,,,,,,,1.0,,-1.0,-1.0,,,,,,,,,,,,
2019-07-26,,,,1.0,,-1.0,-1.0,,,,,,,1.0,,-1.0,,,,,,,,,,,,,,-1.0,,,,,,-1.0,1.0,,,,,,,,,,,,1.0,,,,,,,1.0,,,,,,,,
2019-08-02,,1.0,,,,,,,,,,,1.0,,,,1.0,,,,-1.0,,,,,,,-1.0,,,,,1.0,,,1.0,,,,,,,,,,,,,,,,-1.0,-1.0,,,,,,,,,,,-1.0
2019-08-09,,,,,,,,-1.0,,,,-1.0,,,,,,,,,,,,,,,,,1.0,1.0,,-1.0,,,,-1.0,,,,1.0,,1.0,,,,,,,1.0,,-1.0,,,,,,,,,,,,,
2019-08-16,,,,,,,,,,,,,-1.0,,,,1.0,,,,,-1.0,,,,1.0,,,,-1.0,,1.0,,,,-1.0,,1.0,,,,1.0,,,,,-1.0,,,,,,,,,,,,,,,,,
2019-08-23,,,1.0,,,,,,,,,-1.0,,1.0,,,,,,,,-1.0,,,,,,,,,,,,,,,1.0,,,1.0,,-1.0,-1.0,,,,,,1.0,,-1.0,,,,,,,,,,,,,
2019-08-30,1.0,1.0,,,,1.0,1.0,,,,-1.0,,,-1.0,,,,,,,,,,,,-1.0,,,1.0,,,,,,,,,,,,,,-1.0,,,,,,-1.0,,,,,,,,,,,,,,,
2019-09-06,,,,,,,,,,,-1.0,,1.0,,,,1.0,,1.0,,,,,,,,,,,,,1.0,,,,,,,-1.0,,1.0,,,,,,-1.0,,,,-1.0,,,,,,,,,,,,,-1.0
2019-09-12,,1.0,,,-1.0,,1.0,,,,,,,,,,,,,,,,,,-1.0,,,,,,-1.0,,1.0,,,,-1.0,,,,,,,1.0,,,-1.0,,,,,1.0,,,,,,,,,,,,
2019-09-20,,,,,,,-1.0,,,,,,,,,,-1.0,,,,,1.0,,,,,,,,,1.0,,-1.0,,,,1.0,,1.0,,,,,,-1.0,,,,,,,,,,,,,,,-1.0,,,,1.0
2019-09-27,,,,,-1.0,,1.0,,,,,,,,,-1.0,,,,,,,,,,1.0,,,,,,-1.0,1.0,,,1.0,,,,,,,,,-1.0,,1.0,,,,-1.0,,,,,,,,,,,,,
2019-09-30,,,,,-1.0,,,-1.0,,,,,,,,-1.0,1.0,,,,,,,,,,,,-1.0,,,,,,,-1.0,,1.0,,,,,,1.0,,,,,,,,1.0,,,,,,,,,,,,1.0
2019-10-11,-1.0,,,,1.0,,1.0,,,,-1.0,1.0,,1.0,,,,,,,,,,,,,,,,,,,,,,,,1.0,,,,,,,-1.0,,,,,,-1.0,,,,-1.0,,,,,,,,,
2019-10-18,,-1.0,1.0,,,,,,,,1.0,,,,,,,,,,,,,,,1.0,,,-1.0,,1.0,,,,,,,-1.0,1.0,,,,,,,,-1.0,,,,,-1.0,,,,,,,,,,,,
2019-10-25,1.0,,-1.0,,1.0,-1.0,-1.0,1.0,,,,,,,,,,,,,,,,,,,,,,,-1.0,,,,,1.0,,-1.0,,,,,,,,,,,,,,,,,,,,,,1.0,,,,
2019-11-01,,,,,,,1.0,-1.0,,,-1.0,,,,,,,,,,,,,,,-1.0,,,,1.0,,,1.0,,1.0,,,1.0,,,,,,,,,,,,,,-1.0,,,-1.0,,,,,,,,,
2019-11-08,-1.0,,,1.0,,,,,,,1.0,-1.0,,,,-1.0,,,,,,1.0,,,,,,,-1.0,,,,,,,-1.0,,,,,,,,,,,,,,,,,,,,1.0,,,,,,,,1.0
2019-11-15,,,-1.0,,,,,,,,-1.0,,,-1.0,,,1.0,,,,,,,,,,,,1.0,,-1.0,,,,,1.0,,-1.0,,,,,,,1.0,,,,,,,,,,,1.0,,,,,,,,
2019-11-22,,,1.0,,,,,-1.0,,,,-1.0,-1.0,,,,,,,,,,,,,,,,,,,,,1.0,,-1.0,1.0,,,,,-1.0,,1.0,1.0,,,,,,,,,,,,,,,,,,,
2019-11-29,,,,-1.0,,-1.0,,,,,,,,1.0,,,,,,,,,,,,,,,,,1.0,,,,,,,-1.0,-1.0,,,,,,1.0,,,,,,,-1.0,,,1.0,,,,,1.0,,,,
2019-12-06,1.0,,,,,-1.0,-1.0,,,,,,,,,,,,,,,1.0,,,,,,,,,,-1.0,,,,,-1.0,,1.0,,,1.0,,,-1.0,,,,,,,,,,,1.0,,,,,,,,
2019-12-13,,-1.0,,,,,-1.0,1.0,,,-1.0,,,-1.0,,,,,,,,1.0,,,1.0,,,,1.0,1.0,,,,,,,,-1.0,,,,,,,,,,,,,,,,,,,,,,,,,,
2019-12-20,,1.0,,1.0,,-1.0,,,,,,,,,,,1.0,,,,,1.0,,,,,,,-1.0,,,,1.0,,,-1.0,,,-1.0,,,,,,,,,,,,,,,,-1.0,,,,,,,,,
2019-12-27,,,,1.0,,-1.0,,,,,,,,,,,,,,,-1.0,,,,,,,-1.0,,,,,-1.0,,,1.0,,,,,,,,1.0,,,,,,,,,,,1.0,,-1.0,,,,,,,1.0
2020-01-03,,1.0,,,-1.0,,,1.0,,,-1.0,,,,,,,,,,,,,,,,,,,-1.0,-1.0,,,,,1.0,,,,,-1.0,1.0,,,,,,,,,1.0,,,,,,,,,,,,,
2020-01-10,,,,,,,1.0,1.0,,,,1.0,,,,-1.0,,,,,,-1.0,,,,-1.0,,,,1.0,,,,,,,,,,,-1.0,,,,,,1.0,,,,,,,,,-1.0,,,,,,,,
2020-01-17,,,,,,,,,,,,,-1.0,,,-1.0,-1.0,,,,,,,,,,,,,,,,,,,1.0,1.0,-1.0,,,-1.0,,,,,,1.0,1.0,,,,,,,,,,,,,,,,1.0
2020-01-23,,,,,,-1.0,-1.0,,,,,,,,,-1.0,,,,,,,,,,,,,1.0,-1.0,,,,,,1.0,,-1.0,,1.0,,,,1.0,,,,,,,,,,,,1.0,,,,,,,,
2020-02-07,,,1.0,,-1.0,,,,,,,,,,,,,,,,,,,,-1.0,1.0,,,-1.0,,,1.0,,,,,,,1.0,,,1.0,,,,,-1.0,-1.0,,,,,,,,,,,,,,,,
2020-02-14,,1.0,,1.0,,,-1.0,,,,1.0,-1.0,,,,,,,,,,,,,,,,,,-1.0,,,-1.0,,,,,,,,,1.0,,,,,-1.0,,,,,1.0,,,,,,,,,,,,
2020-02-21,,,,,-1.0,,1.0,,,,,1.0,,,,,,,,,,,,,,-1.0,,,,,,,1.0,-1.0,,-1.0,,,1.0,,,,,,,,-1.0,,,,,1.0,,,,,,,,,,,,
2020-02-28,,1.0,,,,,-1.0,,,,,1.0,,-1.0,,,,,,,,,,,,,,,,,,1.0,-1.0,,,-1.0,,1.0,,,,,,,,,,,,,-1.0,,,,,,,,,1.0,,,,
2020-03-06,,-1.0,,1.0,,,-1.0,,,,,,-1.0,,,-1.0,,,,,,,,,1.0,,,,,,1.0,,,,,-1.0,,,,,,,,,,,,,,,,,,,1.0,,,,,,,,,1.0
2020-03-13,,,,,-1.0,,,-1.0,,,,,,,,1.0,,,,,,,,,,-1.0,,,,,-1.0,1.0,,,,,,,1.0,,,,,,,,1.0,,,,1.0,,,,,,,,,-1.0,,,,
2020-03-20,,,,,,,,,-1.0,-1.0,1.0,,,,,,,,-1.0,,-1.0,,,,,,,-1.0,,,,,,,1.0,1.0,,,,1.0,,,,,,,,,1.0,,,,,,,,,,,,,,,
2020-03-27,,,,,,,,,,,1.0,,,,,,,,,,,,,,,1.0,,,1.0,,1.0,-1.0,,1.0,,,,,,,-1.0,,,,-1.0,,-1.0,,,,,-1.0,,,,,,,,,,,,
2020-04-03,,,,,,,,-1.0,,,,,,1.0,,-1.0,-1.0,,,,,,,,,1.0,,,,,,,,,,-1.0,,1.0,,,1.0,1.0,,,,,-1.0,,,,,,,,,,,,,,,,,
2020-04-10,,,,,,-1.0,-1.0,,,,1.0,,,,,,,,,,,,,,,,,,,-1.0,,,,,,1.0,,-1.0,1.0,1.0,,1.0,,-1.0,,,,,,,,,,,,,,,,,,,,
2020-04-17,-1.0,,,,1.0,1.0,,1.0,,,,,,-1.0,,,,,,,,,,,,,,,,1.0,,,,,,,,-1.0,,,-1.0,,,,,,-1.0,,,,,,,,,,,,,,,,,1.0
2020-04-24,,,,,,-1.0,,,,,,,,,,,,,,,,-1.0,,,,,,,,,,,,,,-1.0,1.0,,,,-1.0,1.0,,1.0,,,,,1.0,,,,,,,,,,,-1.0,,,,1.0
2020-04-30,1.0,,,,,,,,,,,,,1.0,,1.0,,,,,,-1.0,,,,,,,,,,,1.0,,,1.0,,-1.0,-1.0,,,,,,,,,,,,,,,,,-1.0,,,,,,,,-1.0
2020-05-08,-1.0,,,,,,1.0,,,,-1.0,,1.0,,,,-1.0,,,,,1.0,,,,,,,,1.0,-1.0,,,,,,,,,,,-1.0,,,,,,,,,,,,,,,,,,1.0,,,,
2020-05-15,,,,1.0,,,-1.0,,,,,,,,,-1.0,,,,,,-1.0,,,,,,,-1.0,-1.0,,,,,,,1.0,,1.0,,,,,,,,,,,,,,,,1.0,1.0,,,,,,,,
2020-05-22,,,,-1.0,,,,,,,,,,1.0,,,-1.0,,,,,,,,,,,,,,,,,,-1.0,1.0,-1.0,,,,1.0,,,1.0,1.0,,,,,,,,,,-1.0,,,,,,,,,
2020-05-29,,,,-1.0,,1.0,,,,,-1.0,1.0,1.0,,,1.0,,,,,,,,,,-1.0,,,,,-1.0,-1.0,,,,,,,,,,,1.0,,,,,,,,,,,,,,,,,,,,,
2020-06-05,,-1.0,,,,,1.0,,,,,,-1.0,,,,-1.0,,,,,1.0,,,,,,,,,,,,,1.0,,,,1.0,,,,,,,,,-1.0,,,,1.0,,,,,,,,-1.0,,,,
2020-06-12,,-1.0,,,-1.0,,,,,,1.0,,-1.0,,,-1.0,,,,,,,,,,1.0,,-1.0,,,1.0,1.0,,,,,,,,,,,,,,,,,1.0,,,,,,,,,,,,,,,
2020-06-19,,,1.0,-1.0,,,1.0,,,,-1.0,,,,,,,,,,,1.0,,,,,,,,,,,,,,,-1.0,,-1.0,1.0,,,,,,,1.0,,-1.0,,,,,,,,,,,,,,,
2020-06-24,,,,,,,-1.0,,,,1.0,-1.0,,,,-1.0,,,,,,,,,,1.0,,,-1.0,,,,,1.0,,,,,,,,,,1.0,,,,,1.0,,,,,,,,,,,-1.0,,,,
2020-07-03,,,,,,,,,,1.0,,,,,,1.0,,,,,,,1.0,,,,,,1.0,,,-1.0,,,,,,-1.0,-1.0,,,,,,,-1.0,,,,,,,,,,,,,,1.0,,,,-1.0
2020-07-10,,,,,1.0,,-1.0,,,,,1.0,1.0,,,-1.0,,,,,,1.0,,,,,,,-1.0,,,,,,,,,,,,1.0,,,,,-1.0,,,,,,-1.0,,,,,,,,,,,,
2020-07-17,,,,,-1.0,,-1.0,,,,,-1.0,1.0,,,,-1.0,,,,,,,,,,,,1.0,1.0,,,1.0,1.0,,,,,,,,,,,,,,,,,,,,,,,,,,,,,,-1.0
2020-07-24,,,,,1.0,,,,,,,-1.0,,,,,-1.0,,,,,,,,,,,,1.0,1.0,,,1.0,,,,,,,-1.0,,,,-1.0,-1.0,,1.0,,,,,,,,,,,,,,,,,
2020-07-31,1.0,,,,-1.0,,-1.0,,,,,1.0,,,,1.0,,,,,,,-1.0,,,-1.0,,,-1.0,,,,,,,,,,,1.0,,,,,,,,,,,,,,,,1.0,,,,,,,,
2020-08-07,,-1.0,,,,,-1.0,,,,,,-1.0,,,,,,,,,,1.0,,,,,,,,,,1.0,,,,,,,,-1.0,,,,,-1.0,1.0,,,,1.0,,,,,,,,,,,,,1.0
2020-08-14,,,,-1.0,,,1.0,,,,1.0,1.0,1.0,,,,,,,,,,,,,,,,,,,-1.0,,,-1.0,,-1.0,1.0,,,,,-1.0,,,,,,,,,,,,,,,,,,,,,
2020-08-21,,,,-1.0,,,,,,,-1.0,,1.0,,,,,,,,,-1.0,,,-1.0,,,,,,,,,,,,,,,,,,,1.0,-1.0,,1.0,,,,,,,,,,,,,1.0,,,,1.0
2020-08-28,,,,,,,-1.0,,,,1.0,,-1.0,,,,,,,,,,,,,,,,1.0,,,,,-1.0,,,,1.0,,1.0,,,,,-1.0,,,,,1.0,,,,,,,,,,,,,,-1.0
2020-09-04,-1.0,,,,-1.0,,,,,,,1.0,1.0,,,,1.0,,,,,,,,,-1.0,,,,,,,1.0,,,,,,,,,,,,,,1.0,,,,,-1.0,,,,,,,,,,,,-1.0
2020-09-11,-1.0,,,,,,,,,,,,,,,,1.0,,,,,-1.0,,,,,,,-1.0,,,1.0,,,-1.0,-1.0,,,,,,,,1.0,,1.0,,,,,1.0,,,,,,,,,,,,,
2020-09-18,,,-1.0,,,,1.0,,,,,,1.0,,,,,,,,,,,,,,,,,,,-1.0,1.0,,,,,1.0,-1.0,,,,,,,-1.0,-1.0,,,,,,,,,,,,1.0,,,,,
2020-09-25,,-1.0,1.0,,,,-1.0,,,,,,-1.0,,,,,,,,,,-1.0,,,1.0,,,,,,,,,,,,,,,-1.0,,,1.0,,,1.0,,,,,,,,,,,,1.0,,,,,
2020-09-30,,,,1.0,,,1.0,,,,1.0,,-1.0,,,,,,,,,,,,,,,,,,,,,,,-1.0,,,-1.0,,,,,,,-1.0,,,,,,1.0,,,,1.0,,,,-1.0,,,,
2020-10-09,,,,,,,,,,,,,1.0,,,,,,,,,,1.0,,-1.0,,,-1.0,1.0,,,,,,-1.0,1.0,,,,,,,,,,1.0,,,,,,,-1.0,,,,-1.0,,,,,,,
2020-10-16,,,,,,,,,,,,,,,,,,,,,,,-1.0,,-1.0,,,,,,,,,,,1.0,-1.0,,,,1.0,,1.0,1.0,,,,,,,,-1.0,,,,-1.0,,,,,,,,1.0
2020-10-23,,,,-1.0,,,-1.0,,,,,,1.0,,,-1.0,1.0,,,,,,,,,1.0,,,,,,,,,,,,,-1.0,,1.0,,,,,,,,,,,,,,,,,,-1.0,1.0,,,,
2020-10-30,,,,,,,,,,,,,,,,,,,,,,,-1.0,,,,,,-1.0,,,,,,1.0,,,,-1.0,-1.0,,,,1.0,1.0,1.0,,,,,,-1.0,,,,,,,,1.0,,,,
2020-11-06,-1.0,,,,,,1.0,,,,,-1.0,,,,,,,,,,,,,,,,,,,,,,,-1.0,,,1.0,,,-1.0,,,,,1.0,1.0,,,,,,,,,-1.0,,,,1.0,,,,
2020-11-13,,,,,,,-1.0,,,,,,-1.0,,,,,,,,,,,,,1.0,,,,,,1.0,,,,1.0,,1.0,,,-1.0,,-1.0,,,,,-1.0,,,,,,,,,,,,,,,,1.0
2020-11-20,,,,,,,,,,,,,,,,,1.0,,,,,-1.0,,,1.0,,,,1.0,1.0,,,,,,-1.0,,,,,-1.0,,,,-1.0,,,,,,,,,,,,,,,1.0,,,,-1.0
2020-11-27,,-1.0,,,,,,,,,,,,,,-1.0,1.0,,,,,-1.0,,,1.0,,,,,,,,,,,-1.0,,,,,,,,,,,,1.0,,,1.0,,,,,-1.0,,,,1.0,,,,
2020-12-04,,,,,1.0,,1.0,,,,-1.0,,1.0,,,,,,,,,-1.0,,,,,,,,,,,,1.0,,,,,,,,,-1.0,-1.0,-1.0,,,,,,,,,,,,,,1.0,,,,,
2020-12-11,,-1.0,,1.0,,,,,,,,,,,,,,,,,,,,,1.0,,,,1.0,,,-1.0,,,1.0,,,1.0,-1.0,,,,,,,,,,,,,-1.0,,,,,,,-1.0,,,,,
2020-12-18,,,,,,,-1.0,1.0,,,,,,,,,,,,1.0,,1.0,,,,,,,,,,,-1.0,,1.0,,,,,,-1.0,,1.0,-1.0,-1.0,,,,,,,,,,,,,,,,,,,
2020-12-25,,,,,1.0,,-1.0,,,,,-1.0,,,,,-1.0,,,,,1.0,,,,1.0,,,,,,,,-1.0,,,,,,,,,,,,,,,,,1.0,,,,,,,,-1.0,,,,,1.0
2020-12-31,,,,,1.0,,1.0,,,,-1.0,,,,,,,1.0,,,,,,,,,1.0,,,,,-1.0,,,,-1.0,,1.0,,,,,,,,,,,,,-1.0,,,,,,,,-1.0,,,,,
2021-01-08,,1.0,,,,,1.0,,,,,,,,,,,,,,,,,,-1.0,-1.0,1.0,,,,,,,,,,,-1.0,,,-1.0,,,1.0,,,,,,-1.0,,,,,,,,,,,1.0,,,
2021-01-15,,1.0,1.0,-1.0,-1.0,,,,,,,,,,,,,,,,,,,,,-1.0,1.0,,,1.0,,,,,,,,-1.0,,,,,,,,,,,,,,-1.0,,,,,,,1.0,,,,,
2021-01-22,,,,-1.0,,,1.0,,,,,,1.0,,,,,,,,,-1.0,,,-1.0,,,,1.0,,,-1.0,,,,,,,-1.0,,,,,,,,,,,,,,,,,,,,,1.0,,1.0,,
2021-01-29,-1.0,,,,,,,,,,,,,,,,,,,1.0,,-1.0,,,,,,,1.0,,,-1.0,1.0,,,,-1.0,-1.0,,,,,,,,,1.0,,,,,,,,,,,,,,,1.0,,
2021-02-05,-1.0,,,1.0,,,-1.0,,,,,,,,,,,,,,,,,,,,,,,,,,,,,,,,1.0,,,,,-1.0,,,1.0,,,,1.0,-1.0,,,,,,,-1.0,,1.0,,,
2021-02-10,,,,,,,1.0,,,,,,,,,,,,,-1.0,,1.0,-1.0,,,,1.0,,,1.0,,,-1.0,-1.0,1.0,,,,,,,,,,,,,,,,,-1.0,,,,,,,,,,,,
2021-02-19,,,,,-1.0,,,,,,,,-1.0,,,,,,,,,,,,,,,,,,,,,,,,1.0,,,,,,1.0,,,,-1.0,-1.0,,,-1.0,1.0,,,,,,,1.0,,1.0,,,
2021-02-26,,-1.0,,,,,1.0,,,,,,,,,-1.0,,,,,,-1.0,,,,1.0,,,1.0,-1.0,,,,,,,,,,,,,,1.0,,,,,,,,,,,,,,,,,-1.0,1.0,,
2021-03-05,,,,,,,,,,,,,,,,,,,,,,,,,,1.0,,,-1.0,,,,,1.0,,,,1.0,,,,,,,,,-1.0,-1.0,,,,-1.0,,,,,,,1.0,,-1.0,,1.0,
2021-03-12,,,,1.0,,,,,,,1.0,1.0,,,,,-1.0,,,,,,,,-1.0,,,,,,,,,,-1.0,,1.0,,,,,,1.0,,,,,,,,,,,,,,,,-1.0,,,,-1.0,
2021-03-19,,,,,1.0,,,,,,1.0,,-1.0,,,,,-1.0,,,,,,,,,,,,,,,,,-1.0,1.0,,,,,,,1.0,,,,1.0,,,,-1.0,,,,,,,,,,,-1.0,,
2021-03-26,-1.0,,,,,,,,,,,,-1.0,,,,,,,,,,,,-1.0,1.0,,,,,,,,,,1.0,1.0,1.0,,,-1.0,,,,,,1.0,,,,,,,,,,,,-1.0,,,,,
2021-04-02,,,1.0,,,,-1.0,,,,,,-1.0,,,,,,,,,,1.0,,,,,,,,,,,,,,,,1.0,,,,,,,,,,,,1.0,1.0,,,,,,,-1.0,-1.0,,-1.0,,
2021-04-09,,,-1.0,1.0,1.0,,,,,,,,,,,,,1.0,,,,,,,,,-1.0,,,-1.0,,,,-1.0,,,,1.0,,,,,,1.0,,,,,,,,,,,,,,,,,-1.0,,,
2021-04-16,,,,,,,,,,,,,,,,-1.0,,,,,,1.0,,,,1.0,-1.0,,,-1.0,,,1.0,,,1.0,,,,,1.0,,-1.0,,,,,,,,,,,,,,,,,,,-1.0,,
2021-04-23,,1.0,-1.0,,-1.0,,-1.0,,,,-1.0,,,,,,,,,,,-1.0,,,,,,,,,,1.0,1.0,1.0,,,,,,,,,,,,,,,,,,,,,,,,,,,,,1.0,
2021-04-30,,,-1.0,,,,1.0,,,,,,,,,,,1.0,,,,,,,,-1.0,,,1.0,1.0,,,,,,1.0,,,-1.0,,,,,,,,-1.0,,,,-1.0,,,,,,,,,,,,,
2021-05-07,,,,,,,,,,,-1.0,,,,,1.0,,,,,,,-1.0,,,-1.0,,,1.0,,,,-1.0,,,1.0,,,,,,,,,,,,-1.0,,,,,,,,,,,,1.0,,,1.0,
2021-05-14,-1.0,,,1.0,-1.0,,,,,,,,,,,1.0,,,,,,,,,,-1.0,,,,,,,,,,-1.0,,,1.0,,,,,,,,,,,1.0,,1.0,,,,,,,,,,,-1.0,
2021-05-21,,,,,,,,,,,1.0,,,,,,,,,1.0,,,1.0,,,,-1.0,,-1.0,-1.0,,,-1.0,,1.0,-1.0,,,,,,,,,,,,,,,,1.0,,,,,,,,,,,,
2021-05-28,1.0,,,1.0,,,1.0,,,,,-1.0,,,,-1.0,,-1.0,,,,-1.0,,,,,,,-1.0,,,,,,,,,,,,1.0,,,,,,,,,,,,,,,,,,,,,1.0,,
2021-06-04,,,,,,,,,,,,,-1.0,,,1.0,,,,,,1.0,,,,-1.0,,,,,,-1.0,,,,,1.0,-1.0,,,,,,-1.0,,,,,,,,,,,,,,,,1.0,,,1.0,
2021-06-11,,,1.0,1.0,,,-1.0,,,,,,,,,1.0,,,,,,,,,-1.0,,-1.0,,,,,,,,,-1.0,,1.0,,,,,,1.0,,,,,,,,,,,,,,,,,,,-1.0,
2021-06-18,,,1.0,,,,,,,,,,,,,-1.0,,,,,,,,,1.0,,,,-1.0,,,,,,,1.0,1.0,,,,-1.0,,,,,,,,,,,,,,,,,,,-1.0,1.0,,-1.0,
2021-06-25,,,1.0,,,,1.0,,,,-1.0,,,,,,,,,,,,,,,-1.0,,,1.0,1.0,,-1.0,,,,,,-1.0,-1.0,,,,,,,,,,,,,,,,,,,,,1.0,,,,
2021-07-02,,,,,1.0,,-1.0,,,,,1.0,-1.0,,-1.0,,,1.0,,,,,,,1.0,,-1.0,1.0,,,,,-1.0,,,,,,,,,,,,,,,,,,,,,,,,,,,,,,,
2021-07-09,,,1.0,,-1.0,,,,,,,-1.0,,,,,,,,,,,1.0,-1.0,,,1.0,1.0,,1.0,,,,,,,,-1.0,,,,,,,,,,,,,,-1.0,,,,,,,,,,,,
2021-07-16,,,1.0,,,,,,,,,,1.0,,,,1.0,1.0,,-1.0,,,,,-1.0,-1.0,,,,,,,,,,,,-1.0,,,,,,,,,,,,,,,,,,,,-1.0,,,,,1.0,
2021-07-23,,,,,,,-1.0,,,,,,,,,,,,,,,,1.0,-1.0,,,-1.0,,,-1.0,,,,,,,,1.0,,,1.0,,,,1.0,,,,,,,,,,,,,-1.0,,,1.0,,,
2021-07-30,,,-1.0,-1.0,,,,,,,1.0,,,,1.0,,,,,,,-1.0,,-1.0,,,1.0,,,,,,,,,,,,,,,,,-1.0,,,,,,,,1.0,1.0,,,,,,,,,,,
2021-08-06,,,,-1.0,,,,,,,1.0,,,,,,1.0,,,,,,,-1.0,-1.0,,,,,,,1.0,,,,,-1.0,,,,,,,-1.0,,,,,,,,,,1.0,,,,,,,,,1.0,
